GNAME|GNTYPE|LATDMS|LONDMS|ELEV|TOWNNAME
Barker Brook|Stream|43.85451330|-72.26148080|181|THETFORD
Barker Cemetery|Cemetery|44.35033090|-73.07734580|215|HINESBURG
Barker Hill|Summit|43.66478800|-73.15483270|362|CASTLETON
Barker Mountain|Summit|43.48534760|-73.15955180|394|MIDDLETOWN SPRINGS
Barlow Saint School|School|44.80504600|-73.07763740|150|ST. ALBANS CITY
Barnard|Populated Place|43.72867900|-72.61898760|400|BARNARD
Barnard Brook|Stream|43.64256930|-72.52398340|210|WOODSTOCK
Barnard Trail|Trail|43.68756800|-72.67648860|632|BRIDGEWATER
Belvidere Mountain|Summit|44.77338170|-72.55150340|1004|LOWELL
Belyidere Corners|Locale|44.76643740|-72.62400780|352|BELVIDERE
Belvidere Pond|Lake|44.76754850|-72.59650610|348|EDEN
Bemis Hill|Summit|44.58505430|-71.96287300|367|BURKE
Bennett Brook|Stream|44.28200350|-72.51121810|286|EAST MONTPELIER
Bennett Cemetery|Cemetery|44.26811510|-72.50482870|241|EAST MONTPELIER
Bennetts Ridge|Ridge|43.18118750|-73.20010740|678|SANDGATE
Benson|Populated Place|43.70700790|-73.31122520|127|BENSON
Abbott Brook|Stream|43.83340220|-72.30842610|211|THETFORD
Ace Brook|Stream|44.77838170|-72.45122090|299|LOWELL
Adamant|Populated Place|44.32922470|-72.50288530|321|CALAIS
Adams Apple|Summit|44.54644050|-72.81040140|1241|UNDERHILL
Adams Brook|Stream|43.92867640|-72.65510420|193|RANDOLPH
Adams Cemetery|Cemetery|44.15060960|-73.36345820|58|PANTON
Adams Pond|Lake|44.88088040|-72.72013070|260|ENOSBURG
Adams School|School|42.85702590|-72.77981750|549|MARLBORO
Adden Mountain|Summit|44.54088920|-71.67897720|711|GUILDHALL
Addison|Populated Place|44.08866710|-73.30262200|95|ADDISON
Advent Hill|Summit|43.60034800|-72.44175920|417|HARTLAND
Aiken School|School|43.69895250|-73.33233660|126|BENSON
Ainsworth State Park|Park|44.07478560|-72.56316020|473|WILLIAMSTOWN
Aitken State Forest|Forest|43.58312430|-72.92316020|603|MENDON
Albany|Populated Place|44.73088260|-72.37982970|294|ALBANY
Albert C Lord State Forest|Forest|43.42034990|-72.55231450|369|CAVENDISH
Alburg|Populated Place|44.97503990|-73.30013120|38|ALBURG
Alburg Center|Populated Place|44.95365160|-73.26985250|39|ALBURG
Alburg Passage|Channel|44.87643030|-73.27679750|29|ALBURG
Alburg Springs|Populated Place|44.99198480|-73.22290680|39|ALBURG
Baldwin Brook|Stream|43.16063220|-73.25788640|243|SANDGATE
Calendar Brook|Stream|44.58061000|-71.98315110|225|LYNDON
Cram Brook|Stream|43.95951050|-72.46426590|213|CHELSEA
Crosset Brook|Stream|44.32839010|-72.74733970|127|DUXBURY
Echo Lake|Lake|43.74589690|-73.18289020|189|HUBBARDTON
Malletts Creek|Stream|44.56782590|-73.16318530|29|COLCHESTER
Keets Brook|Stream|42.73563870|-72.61370210|202|GUILFORD
Marlboro Branch|Stream|42.93535860|-72.70759370|197|NEWFANE
Rogers Brook|Stream|44.55144440|-71.78342460|350|VICTORY
Long Pond|Lake|44.75060560|-72.01787510|555|WESTMORE
Mud Pond Brook|Stream|44.62505180|-72.23038040|447|GREENSBORO
Terry Brook|Stream|43.16063220|-73.25788640|243|SANDGATE
West Branch Little River|Stream|44.46727600|-72.68650650|213|STOWE
West Branch Passumpsic River|Stream|44.55033290|-71.99148440|216|LYNDON
Willoughby Brook|Stream|44.72032800|-72.13732270|288|BARTON
Abbey Brook|Stream|44.52810560|-73.03735060|143|ESSEX
Alburg Tongue|Cape|44.93170730|-73.29318660|52|ALBURG
Alder Brook|Stream|44.38450000|-72.72567320|180|WATERBURY
Alder Brook|Stream|44.54477540|-72.37177350|244|HARDWICK
Alder Brook|Stream|44.47893930|-73.06762640|79|ESSEX
Alder Brook|Stream|44.87004760|-72.20399100|212|COVENTRY
Alder Brook|Stream|44.92588040|-71.60147700|553|LEMINGTON
Alder Meadow Brook|Stream|43.54701510|-72.42370290|191|HARTLAND
Alder Meadow Brook|Stream|43.47451540|-72.58898270|391|READING
Alder Run|Stream|44.99059970|-72.87263340|140|FRANKLIN
Aldis Hill|Summit|44.81837910|-73.06930360|258|ST. ALBANS CITY
Aldrich Cemetery|Cemetery|43.54423740|-72.43592520|288|HARTLAND
Aldrich Cemetery|Cemetery|44.16478300|-72.68788900|321|NORTHFIELD
Alexander Hill|Summit|43.88339870|-72.73177210|553|ROCHESTER
Alfrecha|Populated Place|43.56423560|-72.97260570|170|CLARENDON
Alger Brook|Stream|43.85312370|-72.37203910|274|STRAFFORD
Algonquin Camp|Locale|44.65199040|-73.21263110|30|MILTON
Alice Hunt Cemetery|Cemetery|45.00587940|-71.55564160|322|CANAAN
Allen Bay|Bay|43.78450580|-73.35289440|25|ORWELL
Allen Brook|Stream|44.57532570|-73.16818550|29|COLCHESTER
Allen Brook|Stream|44.47477210|-73.13623800|65|WILLISTON
Allen Brook|Stream|44.80754820|-72.27121540|246|IRASBURG
Allen Cemetery|Cemetery|44.17977600|-73.32568000|43|FERRISBURG
Allen Hill|Summit|44.14089650|-72.29870830|610|TOPSHAM
Allen Hill|Summit|44.79532620|-72.25593710|463|IRASBURG
Allen Hill|Summit|44.98393480|-72.26288140|332|NEWPORT TOWN
Allen Point|Cape|44.59560180|-73.30513080|31|SOUTH HERO
Allens Hill|Summit|43.58340230|-72.77260070|709|PLYMOUTH
Allis State Park|Park|44.04811920|-72.63621750|611|BROOKFIELD
Allyn Brook|Stream|44.80921590|-71.98231880|407|CHARLESTON
Allyn Cemetery|Cemetery|42.96869180|-72.59259110|420|PUTNEY
Ames Hill|Populated Place|42.85480390|-72.68759300|528|MARLBORO
Ames Hill|Summit|44.70977200|-72.30954980|601|ALBANY
Ames Hill Brook|Stream|42.85785960|-72.60231330|139|BRATTLEBORO
Amherst Lake|Lake|43.48562610|-72.70426390|326|PLYMOUTH
Amidon Pinnacle|Pillar|42.74480520|-72.68509260|369|HALIFAX
Amsden|Populated Place|43.40590580|-72.50592420|190|WEATHERSFIELD
Amsden Cemetery|Cemetery|43.47146010|-72.53036990|264|WEST WINDSOR
Anderson Hill|Summit|44.30839370|-72.06009430|378|BARNET
Andover|Populated Place|43.27729670|-72.69676160|347|ANDOVER
Andover Branch|Stream|43.26035270|-72.65759380|262|CHESTER
Annis Brook|Stream|44.70310630|-72.10898850|351|BARTON
Annis Hill|Summit|44.03228680|-72.52482470|601|CHELSEA
Ansel Pond|Lake|43.83701110|-72.61732320|246|BETHEL
Antone Mountain|Summit|43.25424240|-73.19121810|784|RUPERT
Applelon Brook|Stream|44.58033250|-71.74120180|465|GRANBY
Appletree Bay|Bay|44.49727060|-73.25290610|29|BURLINGTON
Appletree Point|Cape|44.49921500|-73.27290670|31|BURLINGTON
Appletree Shoal|Bar|44.49060410|-73.26679530|29|BURLINGTON
Arcadia Brook|Stream|44.70366230|-72.00648570|354|NEWARK
Armstrong Hill|Summit|44.70060500|-72.88096650|429|FLETCHER
Arnold Bay|Bay|44.14783180|-73.36762500|29|PANTON
Arnolds Ledge|Cliff|43.75367370|-73.25594720|150|BENSON
Arrowhead Mountain|Summit|44.67060290|-73.12013450|279|MILTON
Arrowhead Mountain Lake|Reservoir|44.64143670|-73.11235570|85|MILTON
Ascutney|Populated Place|43.40701720|-72.40703460|125|WEATHERSFIELD
Ascutney Notch|Gap|43.43979410|-72.49147980|318|WEST WINDSOR
Ascutney State Park|Park|43.44201650|-72.43925730|564|WINDSOR
Atcherson Hollow|Valley|43.16202150|-72.55481270|193|ROCKINGHAM
Athens|Populated Place|43.13368880|-72.56786850|207|ATHENS
Athens Brook|Stream|43.12035580|-72.56759080|204|ATHENS
Athens Pond|Lake|43.12257780|-72.60398060|355|ATHENS
Atwater Bay|Bay|43.45923710|-73.21844140|148|WELLS
Atwood Brook|Stream|43.66451330|-72.57481870|272|POMFRET
Austin Hill|Summit|43.58451100|-73.40872420|197|WEST HAVEN
Austin Pond|Reservoir|43.71589750|-73.19372320|135|HUBBARDTON
Austine School|School|42.84258200|-72.57536820|177|BRATTLEBORO
Avalon Beach|Populated Place|43.64006570|-73.22511110|143|CASTLETON
Averell Cemetery|Cemetery|42.86119230|-72.85120850|479|WILMINGTON
Averill|Populated Place|44.99810180|-71.71037050|516|NORTON
Averill Mountain|Summit|45.00087950|-71.72453780|684|NORTON
Avery Brook|Stream|43.79062550|-72.25564630|130|THETFORD
Ayers Brook|Stream|43.92423210|-72.65454850|208|RANDOLPH
Ayers Hill|Summit|45.01226760|-72.73541550|394|BERKSHIRE
Babcock Brook|Stream|43.62895880|-72.45870430|185|HARTLAND
Babcock Cemetery|Cemetery|43.73840240|-72.44092750|161|SHARON
Babcock Hill|Summit|44.62838480|-72.30677170|635|GREENSBORO
Back Pond|Lake|44.81421570|-71.86787260|360|BRIGHTON
Badger Brook|Stream|44.45838980|-72.10843130|320|DANVILLE
Badger Mountain|Summit|44.38394810|-71.91759230|533|WATERFORD
Bahannan Brook|Stream|44.52283040|-72.68595190|314|MORRISTOWN
Bailey Brook|Stream|43.50118170|-72.56287120|312|READING
Bailey Brook|Stream|44.52255380|-72.30677140|320|HARDWICK
Bailey Brook|Stream|44.77893840|-71.81620500|356|BRIGHTON
Bailey Pond|Reservoir|44.32728080|-72.34537970|379|MARSHFIELD
Baileys Mills|Populated Place|43.29785210|-72.60481480|192|CHESTER
Baker Brook|Stream|43.19229860|-73.21260760|384|SANDGATE
Baker Brook|Stream|44.15422910|-72.42760170|348|ORANGE
Baker Cemetery|Cemetery|42.73786090|-72.61564660|211|GUILFORD
Baker Hill|Summit|44.60282990|-72.29510460|580|GREENSBORO
Baker Pond|Lake|44.74643800|-72.23482550|351|BARTON
Baker Pond|Reservoir|44.06895200|-72.63649580|397|BROOKFIELD
Bald Hill|Summit|43.10618950|-72.45147720|213|WESTMINSTER
Bald Hill|Summit|43.39951630|-73.17510730|637|PAWLET
Bald Hill|Summit|43.82645150|-73.15955810|214|SUDBURY
Bald Hill|Summit|44.31922220|-72.90734240|924|HUNTINGTON
Bald Hill|Summit|44.49727360|-72.91984670|581|JERICHO
Bald Hill|Summit|44.58727130|-73.07179820|318|WESTFORD
Bald Hill Pond|Lake|44.73949470|-71.97787420|548|WESTMORE
Bald Knob|Summit|44.66616090|-72.89624360|310|FLETCHER
Bald Mountain|Summit|44.61866460|-71.61342050|467|MAIDSTONE
Bald Mountain|Summit|43.18868760|-73.23316360|588|SANDGATE
Bald Mountain|Summit|43.58145760|-72.92593810|628|MENDON
Bald Mountain|Summit|43.58368040|-72.68815390|732|BRIDGEWATER
Bald Mountain|Summit|43.61284360|-73.40594710|328|WEST HAVEN
Bald Mountain|Summit|44.21478160|-72.74539260|767|WAITSFIELD
Bald Mountain|Summit|44.76643870|-71.98843000|1008|WESTMORE
Bald Mountain Brook|Stream|44.79810490|-71.99231900|494|CHARLESTON
Bald Top|Summit|43.93090110|-72.18898010|525|FAIRLEE
Baldwin Hill|Summit|44.49089060|-71.71120000|589|LUNENBURG
Baldwin School|School|44.29366480|-73.13428970|131|HINESBURG
Ball Hill|Summit|43.36201750|-72.62731610|573|CAVENDISH
Ball Island|Island|44.76171070|-73.21596600|35|ST. ALBANS TOWN
Balm of Gilead Point|Cape|44.90781890|-73.26929710|30|ALBURG
Baltimore|Populated Place|43.36035100|-72.57314780|330|BALTIMORE
Bancroft Pond|Lake|44.24728270|-72.38204600|448|PLAINFIELD
Bangall School|School|43.74339630|-73.23927990|117|BENSON
Baptist Hill|Summit|44.44311400|-71.72286640|463|LUNENBURG
Baptist Hill Cemetery|Cemetery|44.43894730|-71.72508870|433|LUNENBURG
Baptist Hill School|School|44.45005820|-71.71036610|394|LUNENBURG
Baptist Street School|School|44.10672980|-72.50343660|464|WILLIAMSTOWN
Barber Cemetery|Cemetery|44.30116330|-73.25456940|92|CHARLOTTE
Barber Hill|Summit|44.30310770|-73.25873620|102|CHARLOTTE
Barber Ledge|Cliff|43.73534150|-73.19900130|295|HUBBARDTON
Barber Mountain|Summit|43.47507020|-73.09871760|456|MIDDLETOWN SPRINGS
Barbos Lake|Reservoir|43.14535450|-73.14816190|562|SANDGATE
Barden Cemetery|Cemetery|43.42979340|-73.14177350|392|WELLS
Barker Brook|Stream|43.49229270|-72.65648480|527|PLYMOUTH
Coldwater Brook|Stream|44.28256000|-72.26704260|328|GROTON
Cole Hill|Summit|43.35201760|-73.22899680|368|PAWLET
Cole Hill|Summit|44.99699060|-71.66981320|519|CANAAN
Cole School|School|44.53838570|-72.66622910|393|MORRISTOWN
Coleman Brook|Stream|43.42229390|-72.70898560|321|LUDLOW
Coleman Corner|Populated Place|44.25866450|-73.22179030|62|FERRISBURG
Coles Pond|Reservoir|44.50894340|-72.21426850|667|WALDEN
Colley Hill|Summit|43.16479940|-72.46897750|244|ROCKINGHAM
Collins Cemetery|Cemetery|42.89452560|-72.72426050|294|MARLBORO
Collins Cemetery|Cemetery|44.22810990|-73.19428920|129|FERRISBURG
Collins Pond|Lake|44.62144020|-72.50427780|374|HYDE PARK
Colton Hill|Summit|43.95284460|-72.36676310|727|VERSHIRE
Comtois Hill|Summit|43.50312560|-72.84760140|604|SHREWSBURY
Conant Swamp|Swamp|43.82645840|-72.19731210|142|THETFORD
Concord|Populated Place|44.42894710|-71.89009230|271|CONCORD
Concord Corner|Populated Place|44.40144780|-71.86148020|459|CONCORD
Cones Point|Cape|43.46423690|-73.20983020|150|POULTNEY
Conkey Hill|Summit|43.79561740|-73.26789270|225|ORWELL
Converse Bay|Bay|44.28755210|-73.28984790|29|CHARLOTTE
Conway Dam|Dam|44.95032470|-71.68398020|625|AVERILL
Conway Swamp|Swamp|43.78228410|-73.28317060|204|ORWELL
Cook Cemetery|Cemetery|43.39451640|-73.07482790|496|DANBY
Cook Hill|Summit|44.02673240|-72.31592960|488|CORINTH
Cook Hill|Summit|44.57505260|-72.33788360|517|GREENSBORO
Cooks Brook|Stream|44.82782550|-72.75624160|210|BAKERSFIELD
Cooks Hill|Summit|43.88367930|-72.30287120|491|STRAFFORD
Cooks Pond|Lake|43.37673990|-72.45009010|328|WEATHERSFIELD
Cooks Pond|Lake|43.51173660|-72.85399050|533|SHREWSBURY
Cooks School|School|44.81810340|-72.73262850|285|BAKERSFIELD
Cookville|Populated Place|44.02367700|-72.28981770|341|CORINTH
Cookville Brook|Stream|44.01256630|-72.26037220|249|CORINTH
Cook Pond|Lake|43.43007160|-72.70704120|356|LUDLOW
Coombs Hill|Summit|44.72921580|-72.93124910|463|FLETCHER
Coon Point|Cape|44.86587460|-73.30402050|30|ALBURG
Coons Den|Summit|43.66284270|-73.25788980|293|FAIR HAVEN
Cooper Bay|Bay|44.69393310|-73.28902010|29|GRAND ISLE
Cooper Brook|Stream|44.50949830|-72.37205120|249|HARDWICK
Cooper Point|Cape|44.68976650|-73.28790890|33|GRAND ISLE
Cooper Point|Cape|44.89615190|-73.31513190|33|ISLE LA MOTTE
Coote Field|Park|44.80921230|-73.09096990|112|ST. ALBANS CITY
Copperas Brook|Stream|43.83145770|-72.32675980|238|STRAFFORD
Copperas Hill|Summit|43.82451320|-72.33759340|446|STRAFFORD
Corez Pond|Lake|44.76004860|-72.52344590|372|EDEN
Corinth Corner|Populated Place|44.02228820|-72.27259500|310|CORINTH
Corinth Corners|Populated Place|44.01006590|-72.34898580|451|CORINTH
Cornwall|Populated Place|43.96089300|-73.21039510|107|CORNWALL
Corr Hill|Summit|44.87754770|-71.57842070|530|LEMINGTON
Cotton Brook|Stream|44.41866570|-72.75623050|181|WATERBURY
Cotton Hill|Summit|43.58923710|-72.42703670|372|HARTLAND
Fish Bladder Island|Island|44.67198930|-73.25318580|34|SOUTH HERO
Fish Cemetery|Cemetery|44.06061980|-72.47899040|439|WASHINGTON
Fish Hill|Summit|43.63978720|-73.39622540|161|WEST HAVEN
Fish Hill|Summit|43.90978800|-72.62065820|408|RANDOLPH
Fisher Brook|Stream|44.86338140|-71.68648000|399|LEWIS
Fisher Hill|Summit|44.70782770|-72.26788180|599|GLOVER
Fisk Point|Cape|44.84837430|-73.36652220|29|ISLE LA MOTTE
Fisk School|School|44.78393800|-72.12260020|398|BARTON
Fitch Brook|Stream|44.63171990|-71.70231220|423|GRANBY
Five Corners|Locale|43.52673670|-72.67704150|405|PLYMOUTH
Five Corners|Locale|43.87284650|-72.23036920|293|THETFORD
Fivemile Point|Cape|43.90478090|-73.39373140|29|SHOREHAM
Flagg Brook|Stream|44.57588610|-72.24399180|377|GREENSBORO
Flagg Pond|Lake|44.56533110|-72.20732410|486|WHEELOCK
"Flamstead| Mount"|Summit|43.28035250|-72.58842530|334|CHESTER
Flanders Hill|Summit|43.73007030|-72.30147990|305|NORWICH
Flat Hill|Summit|43.23729830|-73.21927420|403|RUPERT
Flat Rock|Pillar|44.26616350|-73.29595880|29|CHARLOTTE
Flat Rock|Summit|43.55090230|-73.00455070|375|CLARENDON
Fletcher|Populated Place|44.68338290|-72.91374550|193|FLETCHER
Fletcher Hill|Summit|43.57062540|-72.57787270|587|WOODSTOCK
Fletcher Mountain|Summit|44.71893810|-72.79846190|648|FLETCHER
Fleury Bay|Bay|44.84004120|-73.35957760|29|ISLE LA MOTTE
Flint Brook|Stream|43.95423130|-72.72594020|227|BRAINTREE
Float Bridge|Bridge|43.67728730|-73.19788910|125|CASTLETON
Florence|Populated Place|43.71645450|-73.06149870|134|PITTSFORD
"Florona| Mount"|Summit|44.23838790|-73.15734450|208|MONKTON
Flower Brook|Stream|44.62783100|-71.89981650|287|BURKE
Flynn Hill|Summit|44.54672250|-71.59786370|391|GUILDHALL
Flynn Hill|Summit|44.55671760|-72.89346010|576|UNDERHILL
Flynn School|School|43.85395510|-72.65260250|208|BETHEL
J J Flynn Elementary School|School|44.51727020|-73.25985100|50|BURLINGTON
Folsom Elementary School|School|44.63587870|-73.30207550|55|SOUTH HERO
Johns Brook|Stream|44.36727610|-72.96734460|130|RICHMOND
Johns River|Stream|44.99421270|-72.18482370|208|DERBY
Johnson|Populated Place|44.63560630|-72.68039790|152|JOHNSON
Johnson Brook|Stream|43.70701190|-72.72176800|356|STOCKBRIDGE
Johnson Pond|Lake|43.51812540|-72.84537930|533|SHREWSBURY
Johnson Pond|Lake|43.76672940|-73.22372470|135|ORWELL
Johnson Pond|Lake|44.49061250|-71.86703700|338|KIRBY
Joiner Brook|Stream|44.37088790|-72.87984310|101|BOLTON
Jolly Mountain|Summit|42.77786040|-72.72398230|607|HALIFAX
Jones Brook|Stream|44.25533420|-72.96178620|251|HUNTINGTON
Jones Brook|Stream|44.57338560|-72.50983360|203|WOLCOTT
Jones Brook|Stream|44.58005470|-71.78314710|406|GRANBY
Jones Brook|Stream|44.55561110|-71.60036380|262|GUILDHALL
Horse Pond|Lake|44.61755210|-72.21065770|410|GREENSBORO
Horseback Ridge|Ridge|43.45673870|-72.39842400|217|WINDSOR
Horseneck Island|Island|44.96476860|-72.20260200|208|NEWPORT CITY
Horseshoe Shoal|Bar|44.84615260|-73.31429860|29|NORTH HERO
Benson Bay|Bay|43.76533960|-73.34567160|25|ORWELL
Benson Landing|Populated Place|43.72839590|-73.36761580|29|BENSON
Berkshire|Populated Place|44.97171240|-72.77541480|215|BERKSHIRE
Berkshire Cemetery|Cemetery|44.95949030|-72.77319220|189|BERKSHIRE
Berlin Corners|Populated Place|44.21006040|-72.57594140|314|BERLIN
Berlin Corner School|School|44.21561590|-72.57483040|293|BERLIN
Berlin Pond|Reservoir|44.19033860|-72.58788590|297|BERLIN
Bethel|Populated Place|43.83339990|-72.63399030|174|BETHEL
Bethel Gilead|Locale|43.87645460|-72.69149290|281|BETHEL
Betterley Cemetery|Cemetery|42.92591430|-72.64981450|412|NEWFANE
Bible Hill|Summit|44.47366810|-71.99342830|379|ST. JOHNSBURY
Bickford School|School|44.63171890|-72.13232220|381|SHEFFIELD
Bicknell Brook|Stream|43.94562190|-72.45648760|201|TUNBRIDGE
Biddie Knob|Summit|43.71339850|-73.10983290|587|PITTSFORD
Big Bluff|Cliff|44.93587410|-73.25957450|37|ALBURG
Big Brook|Stream|43.77422840|-73.34289400|25|ORWELL
Big Brook|Stream|43.93395660|-72.13981220|128|FAIRLEE
Big Dam|Dam|44.82671530|-71.70648050|367|BLOOMFIELD
Big Falls|Falls|44.97226780|-72.38483070|180|TROY
Big Hollow Brook|Stream|43.59784410|-73.38677970|30|WEST HAVEN
Big Jay|Summit|44.91587950|-72.54039390|1117|WESTFIELD
Big Marsh Slough|Gut|44.97226360|-73.14262920|29|HIGHGATE
Big Muddy Pond|Lake|44.75588190|-72.59956160|422|EDEN
Big Rock Hill|Summit|44.68255100|-72.14815620|661|SHEFFIELD
Big Spring|Spring|44.54838500|-72.79345650|534|CAMBRIDGE
Big Valley Brook|Stream|44.70505070|-72.09898820|384|BARTON
Bigelow Basin|Basin|44.72810480|-72.46205430|716|EDEN
Billings Cemetery|Cemetery|42.73508310|-72.64786940|336|GUILFORD
Gorham Bridge|Bridge|43.68006660|-73.03816440|128|PROCTOR
Gorham Lodge|Building|44.32977770|-72.88234220|904|HUNTINGTON
Goshen|Populated Place|44.04923220|-72.14814740|335|NEWBURY
Goslant Pond|Lake|44.30283710|-72.30426660|416|PEACHAM
Goudreault Hill|Summit|44.44172480|-71.84703600|614|CONCORD
Gould Brook|Stream|43.53951380|-72.87454710|416|SHREWSBURY
Goulden Ridge|Ridge|43.38451750|-72.44509020|415|WEATHERSFIELD
Goulds Mill|Populated Place|43.27118620|-72.44925560|90|SPRINGFIELD
Goupee Brook|Stream|44.78532720|-71.82676070|353|BRIGHTON
Gove Hill|Summit|43.82423570|-72.31537050|386|THETFORD
Governors Mountain|Summit|42.82619320|-72.66814800|481|GUILFORD
Governors Right School|School|44.55116160|-72.97012910|323|UNDERHILL
Grafton|Populated Place|43.17174350|-72.60620310|256|GRAFTON
Grafton State Forest|Forest|43.16257690|-72.63925940|439|GRAFTON
Graham Hill|Summit|43.61923320|-73.18899890|188|CASTLETON
Grahamville|Populated Place|43.41979400|-72.70676330|322|LUDLOW
Granby|Populated Place|44.57061060|-71.75870210|430|GRANBY
Granby Bog|Swamp|44.63588640|-71.69425640|414|GRANBY
Granby Brook|Stream|44.54949990|-71.76981320|356|VICTORY
Granby Mountain|Summit|44.67116250|-72.11398850|727|SHEFFIELD
Granby Stream|Stream|44.65033040|-71.68536740|362|FERDINAND
Grand Isle|Populated Place|44.72254360|-73.29235380|54|GRAND ISLE
Grand Isle Cemetery|Cemetery|44.71643260|-73.29735390|55|GRAND ISLE
Grand Isle Ferry|Locale|44.69282150|-73.36179940|29|GRAND ISLE
Grand Isle State Park|Park|44.68865540|-73.29707580|48|GRAND ISLE
Grand Isle Station|Populated Place|44.70059940|-73.32929880|66|GRAND ISLE
Grandmadam Hill|Summit|43.64562440|-72.61593060|590|BRIDGEWATER
Grandpa Knob|Summit|43.65784420|-73.09483160|491|WEST RUTLAND
Grandview Cemetery|Cemetery|44.08450050|-73.30234410|99|ADDISON
Graniteville|Populated Place|44.15117320|-72.49288150|391|BARRE TOWN
Grannyhand Hill|Summit|43.86006810|-72.36648350|408|STRAFFORD
Grant Brook|Stream|43.36951710|-72.72037430|445|LUDLOW
Grass Pond|Lake|43.54701400|-72.73704360|481|PLYMOUTH
Grassy Brook|Stream|42.98341370|-72.63231430|119|NEWFANE
Graves Brook|Stream|44.34116750|-72.76178470|121|WATERBURY
Graves Cemetery|Cemetery|44.40755880|-71.84620230|458|CONCORD
Graves Hill|Summit|44.53838880|-71.96981730|449|LYNDON
Graveyard Point|Cape|44.83198640|-73.28568690|29|NORTH HERO
Gray Brook|Stream|44.79893820|-71.99120790|490|CHARLESTON
Grays Mountain|Summit|44.63755220|-72.12093300|529|SHEFFIELD
Grays Pond|Lake|44.49616760|-71.99009530|212|ST. JOHNSBURY
Great Back Bay|Bay|44.60337980|-73.23235200|29|COLCHESTER
Great Brook|Stream|43.33174050|-72.51897930|141|SPRINGFIELD
Great Brook|Stream|44.29005810|-72.67233600|146|MIDDLESEX
Great Brook|Stream|44.27728170|-72.42788160|222|PLAINFIELD
Great Hosmer Pond|Lake|44.69477220|-72.36066240|344|ALBANY
Great Roaring Brook|Stream|43.53868070|-72.74426580|386|PLYMOUTH
Green Bay|Populated Place|44.30478190|-72.20231930|474|PEACHAM
Green Mount Cemetery|Cemetery|44.25783700|-72.59649880|174|MONTPELIER
Green Mountain|Summit|44.92643620|-71.72787080|820|AVERILL
Green Mountain Cabins|Locale|44.35922230|-72.79789680|127|WATERBURY
Green Mountain Camp|Locale|43.74811900|-73.19927940|183|HUBBARDTON
Green Mountain School|School|44.26117050|-72.55955300|228|MONTPELIER
Green Mountain Union High School|School|43.25313080|-72.58203590|185|CHESTER
Green Point|Cape|44.83059760|-73.27846450|31|NORTH HERO
Green River|Populated Place|42.77591590|-72.66814780|217|GUILFORD
Green River|Stream|44.57227450|-72.51538930|203|WOLCOTT
Green River Reservoir|Reservoir|44.62560680|-72.53122370|364|HYDE PARK
Green School|School|44.98643530|-72.03870890|360|HOLLAND
Greenbush|Populated Place|43.41701660|-72.51786900|189|WEATHERSFIELD
Greenmount Cemetery|Cemetery|44.48366030|-73.18623860|89|BURLINGTON
Greens Brook|Stream|44.93532480|-72.10204390|293|DERBY
Greens Corners|Populated Place|44.86032320|-73.03235790|122|SWANTON
Greensboro|Populated Place|44.57644150|-72.29566010|425|GREENSBORO
Greensboro Bend|Populated Place|44.54894220|-72.26482570|361|GREENSBORO
Greensboro Brook|Stream|44.52810930|-72.28427070|338|HARDWICK
Barnes Bay|Bay|44.64254500|-73.34735430|29|SOUTH HERO
Barnes Brook|Stream|44.47227650|-72.53205600|372|ELMORE
Barnes Brook|Stream|44.52283370|-71.94426110|338|KIRBY
Barnes Camp|Locale|44.53282980|-72.78651140|469|STOWE
Barnes Hill|Summit|44.40949960|-72.68650540|369|WATERBURY
Barnet|Populated Place|44.29700510|-72.04926050|172|BARNET
Barnet Center|Locale|44.31311570|-72.08870600|274|BARNET
Barnet Mountain|Summit|44.31339360|-72.04176060|369|BARNET
Barney Point|Cape|44.54532510|-73.29429660|35|COLCHESTER
Barnum Hill|Summit|43.85700470|-73.31845080|154|SHOREHAM
Barnum Hill School|School|43.85894920|-73.31817300|141|SHOREHAM
Barnumtown|Populated Place|44.20811070|-73.16345500|146|MONKTON
Barr Hill|Summit|44.61144080|-72.28982670|645|GREENSBORO
Barre|Populated Place|44.19700550|-72.50204940|190|BARRE CITY
Barron Hill|Summit|43.61673680|-72.43787040|435|HARTLAND
Barrows Brook|Stream|44.44560970|-72.73595260|199|STOWE
Barrows Camp|Locale|44.68949410|-72.72429000|489|JOHNSON
Bartlett Brook|Stream|43.67729120|-72.53092870|264|POMFRET
Bartlett Hill|Summit|44.25228240|-72.42038080|406|PLAINFIELD
Bartlett Hill|Summit|44.66893870|-72.84457410|431|CAMBRIDGE
Barton|Populated Place|44.74810490|-72.17621280|285|BARTON
Barton Mountain|Summit|44.77254910|-72.14148950|684|BARTON
Barton River|Stream|44.90615820|-72.20954670|208|COVENTRY
Bartonsville|Populated Place|43.22563150|-72.53564560|150|ROCKINGHAM
Bascom Brook|Stream|43.91033770|-73.26400610|48|SHOREHAM
Bascom Cemetery|Cemetery|42.80535990|-72.79731780|555|HALIFAX
Basin Brook|Stream|43.68978990|-72.72287890|432|KILLINGTON
Basin Brook|Stream|44.74977090|-72.68456660|287|BELVIDERE
Basin Harbor|Bay|44.19644190|-73.36290360|29|FERRISBURG
Basin Harbor School|School|44.20394200|-73.34568110|64|FERRISBURG
Basin Hole|Basin|44.76060490|-71.62342220|314|BLOOMFIELD
Bass Hill|Summit|43.22090930|-73.16788430|501|RUPERT
Bassett Brook|Stream|44.83449280|-72.11204430|334|BROWNINGTON
Bat Harris Brook|Stream|44.27533570|-72.75845010|223|MORETOWN
Bates Hill|Summit|44.94949130|-72.09009920|407|DERBY
Battles Brook|Stream|43.96450890|-72.72538480|263|BRAINTREE
Battles School|School|43.96950880|-72.72677390|327|BRAINTREE
Baxter Mountain|Summit|43.79256830|-72.45509550|353|SHARON
Baylies Hill|Summit|43.60145870|-72.49981550|504|WOODSTOCK
Malletts Bay|Populated Place|44.54449220|-73.21540670|43|COLCHESTER
Beach Hill|Summit|44.68810590|-72.27677090|654|GLOVER
Beadles Cove|Bay|43.85089330|-73.37067410|25|SHOREHAM
Bean Brook|Stream|44.68866270|-71.87398300|319|NEWARK
Bean Mountain|Summit|44.67782790|-72.54872480|660|EDEN
Bean Pond|Lake|44.54866570|-72.07148670|362|LYNDON
Bean Pond|Lake|44.69838420|-72.08621010|363|SUTTON
Bean School|School|44.71838410|-71.95370700|482|NEWARK
Beans Point|Cape|44.69532300|-73.21235410|30|MILTON
Beanville School|School|43.90950990|-72.66288170|227|RANDOLPH
Bear Brook|Stream|43.33590670|-72.68398400|396|LUDLOW
Bear Den Trail|Trail|44.57672130|-71.89870500|760|BURKE
Bear Head|Summit|44.55227370|-72.80845710|1197|CAMBRIDGE
Bear Hill|Summit|42.89341470|-72.64036970|394|BRATTLEBORO
Bear Hill|Summit|43.15452160|-72.60675850|531|GRAFTON
Bear Hill|Summit|43.35368410|-72.71592960|661|LUDLOW
Bear Hill|Summit|44.03978600|-72.63288380|591|BROOKFIELD
Bear Hill|Summit|44.87199260|-71.93870710|652|MORGAN
Bear Hill|Summit|43.00702490|-72.51203360|331|PUTNEY
Bear Hill School|School|44.04534150|-72.62677270|498|BROOKFIELD
Bear Mountain|Summit|44.63366410|-71.57869740|534|MAIDSTONE
Bear Mountain|Summit|43.20090950|-73.16677320|1006|SANDGATE
Bear Mountain|Summit|43.51007000|-72.77232170|939|PLYMOUTH
Bear Mountain|Summit|43.60756860|-72.80454640|1157|KILLINGTON
Bear North Brook|Stream|43.94145650|-72.22564800|222|WEST FAIRLEE
Bear Notch|Gap|43.98201140|-72.24342690|373|CORINTH
Bear Pond|Lake|44.55505150|-72.80456820|1079|CAMBRIDGE
Bear Swamp|Swamp|44.36116760|-72.65011420|517|MIDDLESEX
Bears Den Hill|Summit|44.74032670|-72.78096140|411|BAKERSFIELD
Beartrap Island|Island|43.84950620|-73.18622570|109|WHITING
Beaver Brook|Stream|42.86785880|-72.87398690|465|WILMINGTON
Beaver Brook|Stream|43.60090290|-72.55620600|229|WOODSTOCK
Beaver Brook|Stream|43.99839200|-73.23900750|43|CORNWALL
Beaver Brook|Stream|44.03228010|-73.24039710|36|WEYBRIDGE
Beaver Brook|Stream|44.25894950|-72.26454190|330|GROTON
Seavers Brook|Stream|43.27979710|-72.46814470|102|SPRINGFIELD
Beaver Brook|Stream|43.35423980|-73.15871790|235|PAWLET
Beaver Brook|Stream|43.46757150|-72.47036890|204|WEST WINDSOR
Beaver Brook|Stream|44.64338320|-72.93624450|136|FAIRFAX
Beaver Brook|Stream|44.75004900|-72.28399350|365|ALBANY
Beaver Cemetery|Cemetery|44.72588150|-73.04708460|167|FAIRFAX
Beaver Meadow|Flat|43.65062080|-73.27400090|156|FAIR HAVEN
Beaver Meadow|Flat|44.28839000|-72.85400740|649|DUXBURY
Beaver Meadow|Flat|44.56894060|-72.74012180|663|MORRISTOWN
Beaver Meadow|Flat|44.67643910|-72.51344510|392|EDEN
Beaver Meadow Brook|Stream|43.33646260|-72.55786940|189|CHESTER
Beaver Meadow Brook|Stream|43.96117750|-72.41648680|377|CHELSEA
Beaver Meadow Brook|Stream|44.32755800|-72.50066300|315|CALAIS
Beaver Meadow Brook|Stream|44.32978060|-72.37565860|239|MARSHFIELD
Beaver Meadow Brook|Stream|44.56282980|-72.66400710|293|MORRISTOWN
Beaver Meadow Brook|Stream|44.67060580|-72.59456050|260|HYDE PARK
Beaver Meadow Brook|Stream|44.68088170|-73.05458170|91|GEORGIA
Beaver Meadow Brook|Stream|44.84115840|-72.80652140|146|ENOSBURG
Beaver Meadow Brook|Stream|44.85421410|-72.74429790|187|ENOSBURG
Beaver Pond|Lake|43.57368140|-72.46314800|355|HARTLAND
Beaver Pond|Reservoir|43.66340010|-73.04455320|173|PROCTOR
Beaver Pond|Lake|44.06145170|-72.72038720|532|ROXBURY
Beaver Pond|Lake|44.28089330|-72.25509770|359|GROTON
Beaver Pond|Lake|45.00476840|-71.93981840|465|HOLLAND
Beck Pond|Lake|44.72949490|-71.91676190|477|NEWARK
Beckley Hill|Summit|44.22811600|-72.50816130|320|BARRE TOWN
Bedell Brook|Stream|44.51727520|-72.61511560|220|MORRISTOWN
Bedell Covered Bridge|Bridge|44.04562110|-72.07481210|125|NEWBURY
Beebe Plain|Populated Place|45.00532370|-72.14065600|233|DERBY
Beebe Pond|Lake|43.73423060|-73.18316770|188|HUBBARDTON
Beech Bay|Bay|44.63226740|-73.34540970|29|SOUTH HERO
Beecher Falls|Populated Place|45.00810170|-71.50786170|329|CANAAN
Beecher Pond|Lake|44.81171570|-71.84953900|373|BRIGHTON
Beechnut Ridge|Ridge|44.92560300|-71.93454050|666|MORGAN
Beechwood Camp|Locale|43.74256340|-73.21066830|168|HUBBARDTON
Beeman Elementary School|School|44.12533490|-73.15373090|143|NEW HAVEN
Beetle Brook|Stream|44.90199100|-72.39844200|226|TROY
Belcher Hill|Summit|44.02923020|-72.71427500|690|ROXBURY
Belden Hill|Summit|42.74508300|-72.64425830|441|GUILFORD
Belding Pond|Lake|44.61699530|-72.70984350|362|JOHNSON
Belding Pond Brook|Stream|44.60866220|-72.68678660|228|JOHNSON
Bell Brook|Stream|44.64588390|-72.65067430|191|JOHNSON
Bell Island|Island|44.99032380|-72.20982440|208|DERBY
Bellevue Hill|Summit|44.78199120|-73.06486130|400|ST. ALBANS TOWN
Bellows Falls|Populated Place|43.13341110|-72.44397720|96|ROCKINGHAM
Bellows Falls Village Forest|Forest|43.15702180|-72.47953320|222|ROCKINGHAM
Bellows Free Academy|School|44.66366040|-73.01208200|115|FAIRFAX
Bellows Free Academy|School|44.80810140|-73.08291470|131|ST. ALBANS CITY
Belvidere Junction|Populated Place|44.73699330|-72.74262540|218|BELVIDERE
Belvidere Center|Populated Place|44.75004870|-72.69123370|261|BELVIDERE
Billings Hill|Summit|43.77256850|-72.46342860|379|SHARON
Billings Marsh|Swamp|43.60367720|-73.37705740|30|WEST HAVEN
Bingham Brook|Stream|44.32560780|-73.20595800|85|CHARLOTTE
Bingham Falls|Falls|44.51949670|-72.76706610|382|STOWE
Binghamville|Populated Place|44.67504960|-72.92346780|174|FLETCHER
Birch Hill|Summit|44.46255180|-72.95984680|370|JERICHO
Birch Point|Cape|44.59005230|-72.30399370|435|GREENSBORO
Bird Mountain|Summit|43.58617890|-73.11566400|652|IRA
Birdport|Populated Place|43.98505800|-73.31262010|92|BRIDPORT
Birnies Nose|Cliff|44.47366340|-72.87873420|398|UNDERHILL
Biscuit Hill|Summit|43.59006960|-72.57398400|489|WOODSTOCK
Bishop Hill|Summit|43.76228440|-73.28817030|250|ORWELL
Bissell Hill|Summit|43.56756920|-72.78621190|840|SHREWSBURY
Bixby Hill|Summit|44.00923180|-72.51815730|517|CHELSEA
Bixby Island|Island|44.74754260|-73.34291050|30|GRAND ISLE
Black Branch Nulhegan River|Stream|44.78366030|-71.69842450|319|BRUNSWICK
Black Brook|Stream|44.99226850|-71.67398000|507|AVERILL
Black Creek|Stream|44.93809740|-73.16901900|29|SWANTON
Black Creek|Stream|44.89504540|-72.94457850|102|SHELDON
Black Duck Ridge|Ridge|44.98809650|-73.16318430|30|SWANTON
Black Falls Brook|Stream|44.90199100|-72.64568070|142|MONTGOMERY
Black Hill|Summit|44.66171650|-72.89985460|328|FLETCHER
Black Hill|Summit|44.85754740|-72.33621750|654|NEWPORT TOWN
Black Hills|Summit|44.64977350|-72.22815830|701|GLOVER
Black Island|Island|44.99587920|-72.21037990|209|DERBY
Black Mountain|Summit|42.92285890|-72.60536900|353|DUMMERSTON
Black Mountain|Summit|44.92810290|-71.74787150|862|AVERILL
Black Pond|Reservoir|43.54979170|-72.75176620|406|PLYMOUTH
Black Pond|Lake|43.70311980|-73.22372340|191|HUBBARDTON
Black River|Stream|43.26063090|-72.43647750|89|SPRINGFIELD
Black River|Stream|44.92504690|-72.21288010|208|NEWPORT CITY
Black River Union School District School Number 39|School|43.39757230|-72.68815150|309|LUDLOW
Black Swamp|Swamp|43.57118020|-72.78843430|826|SHREWSBURY
Black Turn Brook|Stream|45.00060180|-71.80787270|382|NORTON
Blackberry Hill|Summit|44.33783560|-72.49094070|436|CALAIS
Blaisdell Brook|Stream|43.94701010|-72.55315710|180|RANDOLPH
Blake Cemetery|Cemetery|44.63421760|-72.57705930|297|HYDE PARK
Blake Falls|Falls|44.42894470|-72.41455100|372|WOODBURY
Blake Hill|Summit|43.21313150|-72.62787040|534|GRAFTON
Blake Hill|Summit|44.32228110|-72.28648860|565|PEACHAM
Blake Hill|Summit|43.62673640|-72.49092690|434|WOODSTOCK
Blake Pond|Lake|44.63533000|-72.11843290|482|SHEFFIELD
Blake Pond|Lake|44.71282840|-72.07232090|511|SUTTON
Blakey School|School|44.53115940|-73.19901750|59|COLCHESTER
Blanchard Bay|Bay|44.90504060|-73.33068790|29|ISLE LA MOTTE
Blanchard Brook|Stream|44.25005960|-72.56288620|162|MONTPELIER
Blessed Sacrament Church|Church|44.47366470|-72.69261810|231|STOWE
Bliss Cemetery|Cemetery|44.36255740|-72.42538330|323|CALAIS
Bliss Pond|Lake|44.35255740|-72.50066350|369|CALAIS
Blissville|Populated Place|43.59312250|-73.22983240|131|CASTLETON
Blockhouse Point|Cape|44.84559740|-73.28540900|32|NORTH HERO
Blodgett Brook|Stream|44.85977000|-71.55036410|305|LEMINGTON
Blood Bank School|School|43.92979000|-72.20398050|279|WEST FAIRLEE
Blood Brook|Stream|43.90117940|-72.21175810|207|FAIRLEE
Blood Hill|Summit|43.52312620|-72.48509190|463|WEST WINDSOR
Blood Mountain|Summit|43.75173730|-72.25064560|271|NORWICH
Bloodsucker Pond|Lake|43.33701830|-72.42897830|286|SPRINGFIELD
Bloomfield|Populated Place|44.75393830|-71.63231140|275|BLOOMFIELD
Bloomfield Cemetery|Cemetery|44.78921550|-71.58119870|328|BLOOMFIELD
Bloomfield Ridge|Ridge|44.81727080|-71.63925610|601|BLOOMFIELD
Blossom Cemetery|Cemetery|43.40340520|-73.23288590|140|PAWLET
Blossoms Corners|Locale|43.40118300|-73.22566360|127|PAWLET
Blue Ledge|Cliff|43.76922850|-73.34400500|65|ORWELL
Blue Mountain|Summit|42.80980440|-72.75731660|607|HALIFAX
Blue Mountain|Summit|44.23589500|-72.13759450|719|RYEGATE
Blue Mountain Union School|School|44.15534120|-72.08314760|192|NEWBURY
Blue Pond|Lake|44.41172280|-72.46871920|391|CALAIS
Blue Rock|Pillar|44.95865160|-73.25679640|29|ALBURG
Blueberry Hill|Summit|43.50368130|-72.69815280|676|PLYMOUTH
Blueberry Hill|Summit|43.62784450|-73.14594300|378|CASTLETON
Blueberry Hill|Summit|43.78089520|-73.29011520|226|ORWELL
Blueberry Ledges|Cliff|43.56312520|-72.67287530|505|PLYMOUTH
Blueberry Mountain|Summit|43.86839920|-72.67288110|384|BETHEL
Bluff Mountain|Summit|44.86588150|-71.85426150|822|BRIGHTON
Blush Hill|Summit|44.36755590|-72.73372880|243|WATERBURY
Blyhill Cemetery|Cemetery|44.84365970|-72.01287490|380|CHARLESTON
Boardman Hill|Summit|43.56840200|-73.00844000|390|CLARENDON
Bog Brook|Stream|44.52811160|-71.81592510|344|VICTORY
Bog Brook|Stream|44.49505500|-72.18621200|616|WALDEN
Bog Pond|Lake|43.95367850|-72.14647930|326|FAIRLEE
Bog Pond|Lake|44.54588880|-71.82925880|378|VICTORY
Bogue Branch|Stream|44.86532490|-72.78568840|157|ENOSBURG
Bohonon Cemetery|Cemetery|44.07423090|-72.41287760|618|WASHINGTON
Bolster Reservoir|Reservoir|44.15811740|-72.52732740|257|BARRE TOWN
Bolter Brook|Stream|44.94532460|-71.54230800|359|CANAAN
Bolton|Populated Place|44.37283230|-72.88067640|109|BOLTON
Bolton Falls|Falls|44.35949980|-72.81678600|109|WATERBURY
Bolton Lodge|Locale|44.41588690|-72.87039940|493|BOLTON
Bolton Memorial School|School|44.36366620|-72.84234220|117|BOLTON
Bolton Mountain|Summit|44.44921990|-72.83956620|1121|BOLTON
Bolton Notch|Locale|44.43283080|-72.89623370|362|BOLTON
Boltonville|Populated Place|44.17089640|-72.09981490|199|NEWBURY
Boltonville|Populated Place|44.17089640|-72.09981490|199|NEWBURY
Boltonville Cemetery|Cemetery|44.15756340|-72.08731440|199|NEWBURY
Bomoseen|Populated Place|43.64367700|-73.19872190|133|CASTLETON
"Bomoseen| Lake"|Lake|43.64423240|-73.21316650|125|CASTLETON
Bond Hill|Summit|43.25507520|-72.54425710|381|SPRINGFIELD
Bond Island|Island|43.90033850|-73.21011610|116|WHITING
Bone Mountain|Summit|44.40255420|-72.84428750|889|BOLTON
Boomhour Branch|Stream|44.68532790|-72.50677800|425|EDEN
Bordoville|Populated Place|44.84338050|-72.81874400|226|ENOSBURG
Borough Cemetery|Cemetery|44.24311020|-73.14317760|161|MONKTON
Boulley Brook|Stream|44.60449560|-72.70012060|293|JOHNSON
Bow Arrow Point|Cape|44.75448710|-73.31596560|29|NORTH HERO
Bowen Hill|Summit|43.45201590|-72.55675940|518|READING
Bowen Mountain|Summit|44.72032710|-72.63317420|666|EDEN
Bowman Corners|Populated Place|44.57366050|-73.05707550|223|WESTFORD
Boyce Hill|Summit|44.06978650|-72.42093330|633|WASHINGTON
Boyce School|School|44.09228520|-72.56899400|346|WILLIAMSTOWN
Boyds Hill|Summit|43.77062370|-72.51426310|445|SHARON
Boynton Hill|Summit|43.31729590|-72.71787370|652|ANDOVER
Boynton Hollow|Valley|43.33646230|-72.70481800|426|LUDLOW
Bradford|Populated Place|43.99256660|-72.12897930|143|BRADFORD
Bradford Center|Populated Place|44.01312190|-72.17064750|159|BRADFORD
Bradley Cemetery|Cemetery|44.77699270|-72.95875100|171|FAIRFIELD
Bradley Hill|Summit|43.74840350|-72.29814660|370|NORWICH
Bradley Hill|Summit|44.71393440|-73.17985590|128|GEORGIA
Bradley School|School|43.71978600|-73.22177920|181|HUBBARDTON
Brae Loch|Locale|44.57421410|-73.20985180|39|COLCHESTER
Bragg|Populated Place|43.71979230|-72.33898070|289|NORWICH
Bragg Brook|Stream|43.71562590|-72.31481360|154|NORWICH
West Braintree|Populated Place|43.97228650|-72.74677450|236|BRAINTREE
Braintree Church|Church|43.96895360|-72.68760610|484|BRAINTREE
Braisted Brook|Stream|43.97866830|-73.39845530|29|BRIDPORT
Branch Brook|Stream|42.75758290|-72.75926090|286|HALIFAX
Branch School|School|42.89813680|-72.72009390|261|MARLBORO
Branch School|School|44.63171800|-72.42594200|311|CRAFTSBURY
Branch School|School|44.82560320|-72.79902070|175|BAKERSFIELD
Branchview Cemetery|Cemetery|43.83701170|-72.51537570|151|ROYALTON
Brandon Swamp|Swamp|43.81922960|-73.13983540|111|BRANDON
Brattleboro|Populated Place|42.85091520|-72.55786780|73|BRATTLEBORO
Breakneck Hill|Summit|43.67256890|-72.54426230|379|POMFRET
Breese Pond|Lake|43.71395290|-73.21566790|168|HUBBARDTON
Breeze Hill|Summit|43.57173700|-72.45787010|409|HARTLAND
Breezy Hill|Summit|44.89588070|-72.16732340|339|DERBY
Brewer Cemetery|Cemetery|45.00809730|-73.02207170|61|HIGHGATE
Brewster River|Stream|44.65060570|-72.82762810|138|CAMBRIDGE
Bridgeman Hill|Summit|44.98920990|-72.93651930|210|FRANKLIN
Bridgewater|Populated Place|43.58812500|-72.62509670|252|BRIDGEWATER
Bridgewater Center|Populated Place|43.61645790|-72.65926470|288|BRIDGEWATER
Bridgewater Corners|Populated Place|43.58840260|-72.65593080|259|BRIDGEWATER
Bridgewater Hollow|Valley|43.64645750|-72.65787630|365|BRIDGEWATER
Brigham Hill|Summit|44.55810460|-73.10096320|305|ESSEX
Brighton Brook|Stream|44.80671490|-72.29343830|252|IRASBURG
Brighton School|School|44.81254810|-72.32371710|288|IRASBURG
Brimstone Corner|Populated Place|43.93784540|-72.26564900|237|VERSHIRE
Brimstone Corners|Locale|43.38868330|-73.13455100|316|PAWLET
Brittle Azra Stow Cemetery|Cemetery|44.06700160|-73.23789770|46|WEYBRIDGE
Broad Brook|Stream|43.58645830|-72.65093070|254|BRIDGEWATER
Broad Brook|Stream|42.81952660|-72.54508980|66|VERNON
Broad Brook|Stream|43.78701260|-72.48398490|130|SHARON
Broad Brook Mountain|Summit|43.78340100|-72.55120900|419|ROYALTON
Brock Hill|Summit|44.08256480|-72.14259230|421|NEWBURY
Brocklebank Hill|Summit|43.93478890|-72.41870860|635|TUNBRIDGE
Brockways Mills|Populated Place|43.20702070|-72.51620070|134|ROCKINGHAM
Brookfield|Populated Place|44.04228610|-72.60343850|392|BROOKFIELD
Brookfield Center|Populated Place|44.02034220|-72.60454910|434|BROOKFIELD
Brookfield Gulf|Valley|44.01534190|-72.65871740|248|BROOKFIELD
Brookline|Populated Place|43.03174640|-72.60148020|175|BROOKLINE
Brookline Elementary School|School|43.01424670|-72.60675810|161|BROOKLINE
Brooks Dam|Dam|44.84088180|-71.72175890|378|LEWIS
Brookside Cemetery|Cemetery|43.26507490|-72.59814760|198|CHESTER
Brookside Cemetery|Cemetery|44.59310510|-73.03902120|165|WESTFORD
Brookside School|School|44.21922740|-72.49204950|233|BARRE TOWN
Brookside School|School|44.53200010|-71.93759440|384|KIRBY
Brookside School|School|44.58782730|-73.03679870|155|WESTFORD
Brooksville|Populated Place|44.06561370|-73.17289660|85|NEW HAVEN
Broughton Brook|Stream|43.74895590|-72.72315770|250|STOCKBRIDGE
Brouillard Brook|Stream|44.88143670|-71.68620230|432|LEWIS
Brousseau Mountain|Summit|44.96838000|-71.74037150|839|NORTON
Brown Brook|Stream|43.18479870|-73.22705240|324|SANDGATE
Brown Brook|Stream|44.37866940|-72.12426350|351|DANVILLE
Brown Brook|Stream|42.73786070|-72.85426340|479|WHITINGHAM
Brown Pond|Lake|44.73088380|-71.98204090|568|WESTMORE
Brown School|School|44.75921550|-72.35816240|277|ALBANY
Brown School|School|44.92171330|-72.29954960|307|NEWPORT TOWN
Brownell Mountain|Summit|44.40644020|-73.13623660|244|WILLISTON
Brownington Branch|Stream|44.81699290|-72.15232320|300|BROWNINGTON
Brownington Center|Populated Place|44.82282620|-72.14815630|305|BROWNINGTON
Brownington Pond|Lake|44.87865880|-72.14760070|301|BROWNINGTON
Brownington Village|Populated Place|44.83088150|-72.17176810|377|BROWNINGTON
Browns Corners|Populated Place|44.96837660|-72.96874130|96|FRANKLIN
Browns Ledges|Summit|44.83088080|-72.45455470|476|LOWELL
Browns Mountain|Summit|44.25338950|-72.99567560|701|STARKSBORO
Browns Pond|Reservoir|44.81032560|-72.79068660|198|BAKERSFIELD
Browns River|Stream|44.66004930|-73.01874830|103|FAIRFAX
Brownsville|Populated Place|43.46868250|-72.47092450|209|WEST WINDSOR
Bruce Pond|Lake|44.64032950|-72.18704600|471|SHEFFIELD
Brunswick Springs|Populated Place|44.73643880|-71.63231120|301|BRUNSWICK
Brush Brook|Stream|44.29811100|-72.97039850|205|HUNTINGTON
Brush Creek|Stream|44.99531860|-73.16179520|30|SWANTON
Brush Hill|Summit|44.47366490|-72.65622770|370|STOWE
Bryant Brook|Stream|44.37838900|-72.72845100|183|WATERBURY
Buchanan Mountain|Summit|44.87921340|-72.50872410|879|WESTFIELD
Buck Brook|Stream|44.82671560|-71.96898520|348|CHARLESTON
Buck Hill|Summit|44.70477150|-72.99958540|284|FAIRFAX
Buck Hollow School|School|44.74532680|-72.98514280|204|FLETCHER
Buck Lake|Lake|44.46255500|-72.39955130|411|WOODBURY
Buck Lake Brook|Stream|44.44199980|-72.41705140|375|WOODBURY
Buck Mountain|Summit|44.72949350|-72.97319640|410|FLETCHER
Buck Mountain|Summit|44.12616710|-73.23345450|269|WALTHAM
Buck School|School|44.81643790|-71.97231870|373|CHARLESTON
Bucklin Trail|Trail|43.61951270|-72.84649210|674|KILLINGTON
Buffalo Brook|Stream|43.47340410|-72.69843030|321|PLYMOUTH
Buker Hill|Summit|44.61421700|-72.88790720|481|CAMBRIDGE
Bull Creek|Stream|43.14674420|-72.55175700|174|ROCKINGHAM
Bull Hill|Summit|43.17785460|-72.56897980|492|GRAFTON
Bull Hill|Summit|43.64145500|-73.17844370|284|CASTLETON
Bull Hill|Summit|43.68701240|-72.68371110|751|BRIDGEWATER
Bull Moose Hill|Summit|44.54588550|-72.69845290|597|STOWE
Bull Mountain|Summit|44.67282990|-71.74620280|787|FERDINAND
Bull Mountain|Summit|44.73060610|-71.83870500|835|FERDINAND
Bull Run|Stream|44.11811740|-72.67344280|240|NORTHFIELD
Bull Run School|School|44.08811800|-72.68538680|339|ROXBURY
Bull Rush Point|Cape|44.91254120|-73.24985210|29|NORTH HERO
Bullfrog Hollow|Valley|43.43118220|-73.23871940|150|WELLS
Bullhead Pond|Lake|43.73478480|-73.33150400|170|BENSON
Bullthroat|Populated Place|44.66394100|-71.64842200|400|MAIDSTONE
Bulter Lodge|Locale|44.51644080|-72.82095630|915|STOWE
Bump School|School|43.69506400|-73.26261280|138|BENSON
Bumps Brook|Stream|43.58562220|-73.38927940|27|WEST HAVEN
Bundy Brook|Stream|43.12424470|-72.47008870|115|WESTMINSTER
Bundy School|School|44.64283060|-71.92148360|428|BURKE
Bunker Hill|Summit|43.70840250|-72.45731640|459|POMFRET
Bunker Hill Cemetery|Cemetery|43.70701360|-72.46537200|392|POMFRET
Bunnell Brook|Stream|44.97976870|-71.56453100|371|CANAAN
Burbank Hill|Summit|44.43727820|-72.27065750|596|CABOT
Burbee Peak|Summit|43.70451180|-72.74871330|782|STOCKBRIDGE
Burbees Pond|Reservoir|43.15229910|-72.73009520|494|WINDHAM
Burgess Branch|Stream|44.80643680|-72.46011030|247|LOWELL
Burgess Cemetery|Cemetery|43.21313160|-72.59036930|334|GRAFTON
Burington School|School|44.91587990|-72.33677310|269|NEWPORT TOWN
Burke Green Cemetery|Cemetery|44.61588680|-71.93953940|370|BURKE
Burke Hollow|Populated Place|44.62255330|-71.94953960|296|BURKE
Burke Mountain|Summit|44.57116580|-71.89231590|989|BURKE
Burleson Pond|Lake|44.97393430|-72.79680300|167|BERKSHIRE
Burlington|Populated Place|44.47588250|-73.21207200|59|BURLINGTON
Burlington Bay|Bay|44.47477120|-73.23485000|28|BURLINGTON
Burlington Ferr|Locale|44.49227060|-73.27596230|29|SOUTH BURLINGTON
Burlington Point|Cape|44.58588570|-72.31566070|432|GREENSBORO
Burnham Hollow|Populated Place|43.48423650|-73.14732950|224|MIDDLETOWN SPRINGS
Burnham Mountain|Summit|44.17395170|-72.19065020|493|TOPSHAM
Burns Cemetery|Cemetery|43.70506870|-72.52537340|381|POMFRET
Burnside Mountain|Summit|44.58283240|-71.64397650|759|GUILDHALL
Burnt Hill|Summit|43.24063140|-73.15260630|753|RUPERT
Burnt Mountain|Summit|43.54145850|-72.77204440|847|PLYMOUTH
Burnt Mountain|Summit|44.20367270|-72.33898820|947|GROTON
Burnt Mountain|Summit|44.33561400|-72.31232320|682|MARSHFIELD
Burnt Mountain|Summit|44.75004870|-72.76929410|525|WATERVILLE
Burnt Mountain|Summit|44.84171400|-72.56650580|792|MONTGOMERY
Burnt Mountain|Summit|44.37700050|-72.66178160|833|MIDDLESEX
Burnt Rock Mountain|Summit|44.26755680|-72.89595210|945|FAYSTON
Burr Pond|Reservoir|43.76534110|-73.18316840|157|SUDBURY
Burr Pond School|School|43.77006320|-73.18094620|170|SUDBURY
Burridge School|School|43.92506490|-72.72621730|360|BRAINTREE
Burroughs Brook|Stream|44.48866720|-72.06870850|272|ST. JOHNSBURY
Burt Hill|Summit|43.16841000|-72.66814910|643|GRAFTON
Burt Hill|Summit|43.38090570|-73.19705200|356|PAWLET
Burton Hill|Summit|44.75032680|-72.26454850|468|ALBANY
Burton Hill School|School|44.77282650|-72.24982580|428|IRASBURG
Burton Island|Island|44.77448840|-73.20429960|39|ST. ALBANS TOWN
Burton Island State Park|Park|44.77254400|-73.20485520|39|ST. ALBANS TOWN
Burying Yard Point|Cape|44.90226290|-73.31985430|31|ISLE LA MOTTE
Bush Cemetery|Cemetery|44.98809540|-73.29485320|44|ALBURG
Butler Island|Island|44.83615370|-73.22790880|34|NORTH HERO
Butler Pond|Lake|43.69423260|-73.08038760|203|PITTSFORD
Butterfield Hill|Summit|43.36507330|-72.48786790|324|WEATHERSFIELD
Butterfield Mountain|Summit|44.18339530|-72.34121030|948|ORANGE
Buttermilk Falls|Falls|43.43646030|-72.72787520|380|LUDLOW
Butternut|Populated Place|43.37535040|-73.20232980|180|PAWLET
Butternut Hill|Summit|43.29201870|-72.64537140|509|CHESTER
Butternut Mountain|Summit|44.68949420|-72.65261950|672|JOHNSON
Butternut Ridge|Ridge|44.81754780|-72.77401950|362|BAKERSFIELD
Butlers Corners|Populated Place|44.51032750|-73.08401640|160|ESSEX
Button Bay|Bay|44.17616460|-73.36012540|29|FERRISBURG
Button Cemetery|Cemetery|43.85506720|-72.49704230|220|TUNBRIDGE
Button Island|Island|44.17644230|-73.36957000|29|FERRISBURG
Buybee Brook|Stream|44.93949040|-72.40122010|203|TROY
Buzzell Dam|Dam|44.86171490|-71.72342580|410|LEWIS
Buzzell Gap|Gap|44.59338760|-71.71981230|578|GRANBY
Buzzell Hill|Summit|44.57783250|-71.76953570|571|GRANBY
Buzzell Hill|Summit|44.81449290|-71.60064370|529|BLOOMFIELD
Cobbler Hill|Summit|44.74171570|-72.92708290|422|FLETCHER
Cabot|Populated Place|44.40144570|-72.31232480|320|CABOT
Cabot Plains|Locale|44.41644550|-72.24565620|586|CABOT
Cady Brook|Stream|43.54145940|-72.47536980|244|HARTLAND
Cady Hill|Summit|44.46394270|-72.70345160|357|STOWE
Cady School|School|43.98867130|-73.13567210|130|MIDDLEBURY
Cadys Falls|Populated Place|44.57810750|-72.61178270|171|MORRISTOWN
Calavale Brook|Stream|44.76060420|-72.61706280|347|EDEN
Callan School|School|44.85587950|-72.96874730|168|FAIRFIELD
Calvary Cemetery|Cemetery|43.59729050|-72.98649550|164|RUTLAND CITY
Calvin Coolidge Birthplace|Locale|43.53479200|-72.72120960|428|PLYMOUTH
Cambridge|Populated Place|44.64477220|-72.87624150|139|CAMBRIDGE
Cambridge Junction|Populated Place|44.64921690|-72.81346060|149|CAMBRIDGE
Cambridgeport|Populated Place|43.15146620|-72.56036840|185|GRAFTON
Camels Hump|Summit|44.31950010|-72.88623090|1219|HUNTINGTON
Camp Abnaki|Locale|44.76587590|-73.30874320|35|NORTH HERO
Camp Awanee|Locale|43.73700820|-73.18566780|204|HUBBARDTON
Camp Brook|Populated Place|43.85034380|-72.69315910|333|BETHEL
Camp Brook|Stream|43.85395520|-72.64621340|175|BETHEL
Camp Everest|Locale|44.64532390|-73.20929760|34|MILTON
Camp Grounds|Populated Place|44.90893450|-72.88346720|115|SHELDON
Camp Hill|Summit|43.34507370|-72.45453420|454|WEATHERSFIELD
Camp Kiniya|Locale|44.60393550|-73.22707430|42|COLCHESTER
Camp Kinni Kinnic|Locale|43.47756990|-73.20816350|153|POULTNEY
Camp Mansfield|Locale|44.51338490|-72.87067960|335|UNDERHILL
Camp Maquam|Populated Place|44.90282030|-73.16568670|38|SWANTON
Camp Number Ten|Locale|44.87199240|-71.68509120|416|LEWIS
Camp Number Eleven|Locale|44.87810350|-71.69175800|478|LEWIS
Camp Number Twelve|Locale|44.89115880|-71.70092510|530|LEWIS
Camp Number Thirteen|Locale|44.88421450|-71.68231330|446|LEWIS
Camp Number Fourteen|Locale|44.89115870|-71.64258970|752|LEMINGTON
Camp Number Fifteen|Locale|44.79810460|-71.70120250|360|BLOOMFIELD
Camp Number Sixteen|Locale|44.89949200|-71.67259080|614|AVERILL
Camp Number Seventeen|Locale|44.82393760|-71.69759140|391|BLOOMFIELD
Camp Number Eighteen|Locale|44.90921420|-71.69203600|517|AVERILL
Camp Number Nineteen|Locale|44.91615850|-71.70564760|544|AVERILL
Camp Number Twenty|Locale|44.93532490|-71.71009240|571|AVERILL
Camp Number Twentyone|Locale|44.91754730|-71.66703510|669|AVERILL
Camp Number Three|Locale|44.82060420|-71.67203490|341|BLOOMFIELD
Camp Number Four|Locale|44.84115950|-71.67536840|375|BLOOMFIELD
Camp Number Five|Locale|44.85171490|-71.64620080|597|BLOOMFIELD
Camp Number Six|Locale|44.86143700|-71.68620230|401|LEWIS
Camp Norfleet|Locale|44.58921360|-73.22568520|38|COLCHESTER
Camp Plymouth|Locale|43.47673740|-72.69370800|338|PLYMOUTH
Camp Rich|Locale|44.69810080|-73.21096540|30|MILTON
Camp Sunrise|Locale|43.75811810|-73.26372520|148|BENSON
Camp Underhill|Locale|44.49421820|-72.90706860|315|UNDERHILL
Camp Watson|Locale|44.68476760|-73.21096510|42|MILTON
Camp Wihakowi|Locale|44.10700650|-72.67899820|294|NORTHFIELD
Campmeeting Point|Cape|44.76726490|-73.29846520|29|NORTH HERO
Canaan|Populated Place|44.99615740|-71.53841870|316|CANAAN
Canaan Hill|Summit|44.97421320|-71.62592240|683|CANAAN
Canoe Brook|Stream|42.94619220|-72.53092290|73|DUMMERSTON
Cap Hill|Summit|44.53893960|-72.95873900|377|UNDERHILL
Caper Hill|Summit|44.58394050|-72.69595340|629|JOHNSON
Cargill Cemetery|Cemetery|44.87143710|-71.96009630|420|MORGAN
Cargill Hill|Summit|44.92921400|-72.02481970|501|MORGAN
Carlton Reservoir|Reservoir|43.60006970|-72.54148330|322|WOODSTOCK
Carman Brook|Stream|44.98670830|-73.09151720|30|HIGHGATE
"Carmi| Lake"|Lake|44.97143330|-72.87791100|133|FRANKLIN
Carpenter Brook|Stream|44.28311140|-72.96567580|218|HUNTINGTON
Carpenter Cemetery|Cemetery|42.80091570|-72.65203650|307|GUILFORD
Carpenter Point|Cape|43.44701570|-72.70120790|316|LUDLOW
Carr Brook|Stream|44.36089070|-72.43566140|226|CALAIS
Carr Brook|Stream|44.44394710|-71.77870130|282|CONCORD
Carry Bay|Bay|44.83893080|-73.28013120|29|NORTH HERO
Carrying Place|Locale|44.82948650|-73.27429770|30|NORTH HERO
Carter Cemetery|Cemetery|44.18783320|-73.18012160|105|MONKTON
Carter Hill|Summit|44.94504280|-73.06429710|123|HIGHGATE
Carter Street Cemetery|Cemetery|43.71478520|-73.35650400|99|BENSON
Carver Falls Cemetery|Cemetery|43.62645460|-73.30038980|98|WEST HAVEN
Cary Brook|Stream|44.49922230|-72.10454300|361|DANVILLE
Caspian Lake|Reservoir|44.58560800|-72.30982720|427|GREENSBORO
Castleton|Populated Place|43.61062240|-73.17983200|134|CASTLETON
Castleton Corners|Populated Place|43.60839990|-73.20788790|138|CASTLETON
Castleton River|Stream|43.59367770|-73.29261130|86|FAIR HAVEN
Castleton State College|School|43.60784470|-73.17760980|142|CASTLETON
Catamount Brook|Stream|44.42394440|-72.54066650|270|WORCESTER
Cate Cemetery|Cemetery|44.28394820|-72.45316040|204|EAST MONTPELIER
Cate Hill|Summit|44.64144010|-72.32427220|520|GREENSBORO
Catfish Bay|Bay|43.82756030|-73.38595170|29|ORWELL
Cave Island|Island|44.57004720|-73.22818480|30|COLCHESTER
Cavendish|Populated Place|43.38201710|-72.60814900|278|CAVENDISH
Cavendish Center|Populated Place|43.41007220|-72.60564920|319|CAVENDISH
Cavendish Gorge|Valley|43.38479490|-72.59814880|249|CAVENDISH
Cavendish Town Elementary School|School|43.38396150|-72.63703880|293|CAVENDISH
Cedar Beach|Populated Place|44.29171860|-73.30290380|37|CHARLOTTE
Cedar Crove Cemetery|Cemetery|43.58173370|-73.26927720|111|FAIR HAVEN
Cedar Island|Island|44.28616320|-73.29123680|35|CHARLOTTE
Cedar Island|Island|44.65921180|-73.25401900|32|SOUTH HERO
Cedar Lake|Lake|44.25005460|-73.13289980|149|MONKTON
Cedar Mountain|Summit|43.65839870|-73.21094450|202|CASTLETON
Cedar Mountain|Summit|43.70339650|-73.38456000|150|BENSON
Cedar Swamp|Swamp|43.58006700|-73.27594400|105|FAIR HAVEN
Cedar Swamp|Swamp|43.90728150|-73.32622980|74|SHOREHAM
Cedar Swamp|Swamp|43.92867160|-73.18678290|105|CORNWALL
Cedar Swamp|Swamp|44.14227910|-73.14039770|119|NEW HAVEN
Cemetery Brook|Stream|44.59088560|-72.32454990|430|GREENSBORO
Center Brook|Stream|44.01756620|-72.26703920|256|CORINTH
Center Cemeteries|Cemetery|44.02895310|-72.60121590|438|BROOKFIELD
Center Cemetery|Cemetery|43.57201490|-72.42481430|299|HARTLAND
Center Cemetery|Cemetery|43.65312040|-73.34650240|107|WEST HAVEN
Center Cemetery|Cemetery|44.36839050|-72.46010690|308|CALAIS
Center Cemetery|Cemetery|44.40227900|-72.29815760|419|CABOT
Center Cemetery|Cemetery|44.52588690|-72.34982830|407|HARDWICK
Center Cemetery|Cemetery|44.74865980|-72.69734510|259|BELVIDERE
Center Cemetery|Cemetery|44.86976980|-72.21593590|268|COVENTRY
Center Cemetery|Cemetery|44.92254660|-72.29093820|296|NEWPORT TOWN
Center Hill|Summit|43.86145730|-72.31009330|483|STRAFFORD
Center Pond|Lake|44.71449530|-71.91981750|398|NEWARK
Center Rutland|Populated Place|43.60451250|-73.01149610|158|RUTLAND
Center School|School|43.64728720|-73.34761350|129|WEST HAVEN
Center School|School|44.26061560|-72.42677010|341|PLAINFIELD
Centertown|Populated Place|43.66090350|-72.38120340|252|HARTFORD
Centerville|Populated Place|43.67645890|-72.38648130|113|HARTFORD
Centerville|Populated Place|44.61921790|-72.58622630|247|HYDE PARK
Centerville Brook|Stream|44.58699610|-72.61956100|161|MORRISTOWN
Central Mountain|Summit|42.87258150|-72.74342760|607|MARLBORO
Central Park Station|Locale|42.76341600|-72.51592240|92|VERNON
Central School|School|44.55866650|-71.59869720|268|GUILDHALL
Barnard Central School|School|43.72645680|-72.62093210|414|BARNARD
Central School|School|43.91922820|-73.12789280|112|SALISBURY
Ferrisburgh Central School|School|44.20699850|-73.24817850|61|FERRISBURG
Monkton Central School|School|44.24422140|-73.13873320|163|MONKTON
Chamberlain Brook|Stream|44.59783100|-72.10954360|258|SHEFFIELD
Chamberlain Hill|Summit|44.41060800|-73.02179100|282|RICHMOND
Chamberlain Hill|Summit|44.76782650|-72.30343860|405|ALBANY
Chamberlin Mountain|Summit|44.34367110|-71.95953710|367|WATERFORD
Champlain Valley Exposition|Park|44.49727180|-73.11623840|110|ESSEX
Chandler Brook|Stream|44.33978230|-71.95120360|197|WATERFORD
Chandler Meadow Brook|Stream|43.33368480|-72.56425840|196|CHESTER
Chandler Pond|Reservoir|44.53533260|-72.09565400|383|WHEELOCK
Chandler School|School|44.53644370|-72.08954270|378|WHEELOCK
Chapels Pond|Lake|44.31589150|-72.51927460|358|EAST MONTPELIER
Chapman Bay|Bay|45.01254020|-73.20235130|29|ALBURG
Charcoal Creek|Stream|44.99226300|-73.16735090|29|SWANTON
Charles Brown Brook|Stream|43.72618130|-72.31703590|170|NORWICH
Charles Hill|Summit|42.74702730|-72.52786700|250|VERNON
Charleston Elementary School|School|44.83977080|-72.02343080|360|CHARLESTON
Charlotte|Populated Place|44.30977410|-73.26095860|50|CHARLOTTE
Chase Brook|Stream|43.33590680|-72.65037200|313|CHESTER
Chase Brook|Stream|44.01673290|-72.17286980|180|BRADFORD
Chase Brook|Stream|44.20756010|-72.63511040|176|BERLIN
Chase Brook|Stream|44.43922280|-72.22371180|477|WALDEN
Chase Corners|Locale|43.53868120|-72.59676160|628|READING
Chase Hill|Summit|42.82508210|-72.70926000|561|HALIFAX
Chase Mountain|Summit|44.22450390|-72.68316820|625|MORETOWN
Chases Mountain|Summit|44.34505680|-72.67122590|685|MIDDLESEX
Chateauguay|Populated Place|43.66034610|-72.69482210|438|BRIDGEWATER
Checkerberry Ledge|Bench|44.76560410|-72.76429450|317|BAKERSFIELD
Checkerberry Village|Populated Place|44.62921420|-73.14402100|99|MILTON
Chelsea|Populated Place|43.98978800|-72.44759940|250|CHELSEA
Chelsea West Hill|School|44.01812060|-72.51065730|445|CHELSEA
Cheney Cemetery|Cemetery|44.09617470|-72.43482310|475|WASHINGTON
Cheney Point|Cape|44.87143170|-73.18263170|29|ST. ALBANS TOWN
Cherry Hill Cemetery|Cemetery|43.82673350|-72.61621190|208|BETHEL
Cherry Knoll|Summit|43.59756880|-72.76787860|668|KILLINGTON
Chester|Populated Place|43.26285280|-72.59509200|186|CHESTER
Chester Depot|Locale|43.26951930|-72.58675840|179|CHESTER
Chester Reservoir|Reservoir|43.28090790|-72.63676000|341|CHESTER
Chesterfield Valley|Valley|44.44811330|-71.94148240|238|ST. JOHNSBURY
Chestnut Hill|Summit|43.29424140|-72.44175570|218|SPRINGFIELD
Chilcoot Pass|Gap|44.56866270|-72.75373350|900|MORRISTOWN
Childs Hill|Summit|43.85479100|-72.28092580|403|THETFORD
Childs Pond|Lake|43.81895860|-72.19008960|153|THETFORD
Childs School|School|44.06255710|-73.25428690|59|WEYBRIDGE
Chipman Hill|Summit|44.02589240|-73.16206230|238|MIDDLEBURY
Chipman Lake|Lake|43.40840500|-73.03010510|364|TINMOUTH
Chipman Point|Cape|43.80061650|-73.37511760|31|ORWELL
Chippenhook|Populated Place|43.51840280|-73.01399470|262|CLARENDON
Choate Pond|Lake|43.77922880|-73.26872580|245|ORWELL
Christ the King School|School|43.60423490|-72.97093970|190|RUTLAND CITY
Christian Hill|Summit|43.85895530|-72.61649030|419|BETHEL
Christian Street Cemetery|Cemetery|43.68868150|-72.31953580|171|HARTFORD
Christy School|School|44.65477260|-72.63178450|258|JOHNSON
Church Hill|Summit|44.69116060|-72.88707760|374|FLETCHER
Church St Cemetery|Cemetery|44.91670940|-73.12485350|43|SWANTON
City Bay|Bay|44.81837540|-73.28485360|29|NORTH HERO
City Reef|Bar|44.81004230|-73.27818680|29|NORTH HERO
Clarendon|Populated Place|43.51618070|-72.96982710|178|CLARENDON
Clarendon Gorge|Valley|43.51923630|-72.93038160|229|SHREWSBURY
Clarendon River|Stream|43.60506800|-73.01760740|146|RUTLAND
Clarendon Springs|Populated Place|43.54784680|-73.02232870|210|CLARENDON
Clark Brook|Stream|44.65505200|-72.07815410|429|SHEFFIELD
Clark Cemetery|Cemetery|44.89227010|-72.01287490|415|MORGAN
Clark Hatch Brook|Stream|44.20395110|-72.18065040|228|GROTON
Clark Hill|Summit|42.73952740|-72.79426170|553|HALIFAX
Clark Hill|Summit|43.57617930|-73.06621870|502|WEST RUTLAND
Clark Hill|Summit|44.09645180|-72.56260510|431|WILLIAMSTOWN
Clark Hollow|Valley|43.52312450|-73.17177470|190|POULTNEY
Clark Hollow|Valley|43.23535380|-73.20427390|285|RUPERT
Clark Hollow Brook|Stream|43.52312440|-73.17371920|185|POULTNEY
Clark Mountain|Summit|43.43479340|-73.01732730|592|TINMOUTH
Clark Point|Cape|44.93059690|-73.22235220|30|SWANTON
Clarks Pond|Lake|44.64394040|-72.20315750|376|GLOVER
Clay Brook|Stream|44.96921330|-71.58425400|424|CANAAN
Clay Brook|Stream|44.50866250|-72.89262440|244|UNDERHILL
Clay Hill|Summit|43.60007070|-72.36036930|210|HARTLAND
Clay Hill Brook|Stream|44.83143760|-71.83564990|397|BRIGHTON
Clay Point|Cape|44.59254680|-73.23096290|29|COLCHESTER
Clear Pond|Lake|44.61644030|-72.50233330|361|HYDE PARK
Clement Cemetery|Cemetery|44.14561860|-72.32065350|450|ORANGE
Cleveland Brook|Stream|43.81478900|-72.63787890|162|BETHEL
Cleveland Corners|Populated Place|44.59366280|-72.56261390|289|HYDE PARK
Cleveland Hill|Summit|43.39062780|-73.19316300|421|PAWLET
Cleveland Hill|Summit|44.87921390|-72.28316010|417|COVENTRY
Cloak Island|Island|44.83531930|-73.32929900|35|ISLE LA MOTTE
Clogston School|School|44.10284040|-72.59982870|507|WILLIAMSTOWN
Cloud Brook|Stream|44.30644920|-72.07676120|207|BARNET
Cloudland Brook|Stream|43.65395810|-72.53037270|223|POMFRET
"Clouds| Lake of the"|Lake|44.54838490|-72.81067930|1200|CAMBRIDGE
Clough Brook|Stream|44.82477050|-71.56786480|305|BLOOMFIELD
Cloverdale|Populated Place|44.60643910|-72.93124210|203|WESTFORD
Cloyes Hill|Summit|43.94478100|-73.30789680|100|BRIDPORT
Clyde Pond|Lake|44.93532460|-72.17121240|266|DERBY
Clyde River|Stream|44.93865780|-72.20454650|210|NEWPORT CITY
Coates Island|Island|44.55671430|-73.22040690|47|COLCHESTER
Cobb Brook|Stream|43.09507860|-72.43925490|72|WESTMINSTER
Cobb Brook|Stream|44.27005610|-72.96484220|223|HUNTINGTON
Cobb Brook|Stream|44.89615840|-72.19010180|210|COVENTRY
Cobb Hill|Summit|43.56145950|-72.43620320|305|HARTLAND
Cobb Hill|Summit|43.62756890|-72.65120920|622|BRIDGEWATER
Cobb Pond|Lake|44.91393610|-72.13454480|346|DERBY
"Cobb| Mount"|Summit|44.30116850|-72.74011670|479|MORETOWN
Cobble Hill|Summit|43.24063120|-72.49203350|351|SPRINGFIELD
Cobble Hill|Summit|43.80618100|-72.19870080|265|THETFORD
Cobble Hill|Summit|44.17645070|-72.44399140|531|BARRE TOWN
Cobble Hill|Summit|44.59921470|-73.13485350|275|MILTON
Cobble Hill School|School|44.19006130|-72.48121520|288|BARRE TOWN
Cobble Knoll|Summit|43.67978660|-73.26900140|157|BENSON
Coburn Brook|Stream|44.90143550|-72.40177550|227|TROY
Coburn Hill|Summit|43.21035410|-72.46647760|300|ROCKINGHAM
Coburn Hill|Summit|44.94199090|-72.26899280|458|NEWPORT TOWN
Coburn Pond|Lake|44.25172830|-72.08620500|244|RYEGATE
Coche Brook|Stream|44.91782510|-72.08926580|293|DERBY
Codding Brook|Stream|44.71727140|-72.75012540|196|WATERVILLE
Coggman Bridge|Bridge|43.62339900|-73.35205740|35|WEST HAVEN
Coggman Creek|Stream|43.62506550|-73.37066890|36|WEST HAVEN
Coggman Pond|Lake|43.62062130|-73.37483560|36|WEST HAVEN
Coits Pond|Lake|44.44727770|-72.32954860|404|CABOT
Colby Hill|Summit|44.21089460|-72.36843380|687|PLAINFIELD
Colby Mountain|Summit|44.50839020|-71.64869820|549|GUILDHALL
Colby Pond|Reservoir|43.47173760|-72.66509600|485|PLYMOUTH
Colbyville|Populated Place|44.35033410|-72.74233990|182|WATERBURY
Colchester Point|Cape|44.55282490|-73.31096380|30|COLCHESTER
Colchester Point Upper School|School|44.53976970|-73.25512900|40|COLCHESTER
Colchester Pond|Lake|44.55504880|-73.11957410|113|COLCHESTER
Colchester Reef|Bar|44.55421370|-73.32846430|29|COLCHESTER
Colchester Shoal|Bar|44.54838050|-73.33290880|29|COLCHESTER
Cold Brook|Stream|44.01395310|-72.65677280|241|BROOKFIELD
Cold Brook|Stream|44.81004910|-71.92176230|349|BRIGHTON
Cold Brook|Stream|43.62340210|-72.67926540|342|BRIDGEWATER
Cold Brook|Stream|44.31089210|-72.39232550|235|MARSHFIELD
Cold Brook|Stream|44.51338970|-71.82342510|341|VICTORY
Cold Hill|Summit|44.53061070|-72.06481980|400|LYNDON
Cold Hill Brook|Stream|44.52922200|-72.04259690|259|LYNDON
Cold Hollow Brook|Stream|44.84171420|-72.72762930|242|ENOSBURG
Cold Hollow Mountains|Range|44.78782600|-72.68817950|1008|BELVIDERE
Cold River|Stream|43.57312430|-72.98649510|158|RUTLAND
Cold Spring Brook|Stream|44.14256210|-72.52843820|227|WILLIAMSTOWN
Cold Springs Camp|Locale|44.66615680|-73.21152020|30|MILTON
Cove Island|Island|44.99671260|-72.20399080|208|DERBY
Coventry|Populated Place|44.86560310|-72.26482620|227|COVENTRY
Coventry Center School|School|44.86782540|-72.21843590|256|COVENTRY
Cow Hill|Summit|44.37839100|-72.22037690|780|PEACHAM
Cow Mountain|Summit|44.55477770|-71.70147800|695|GRANBY
Cow Mountain Pond|Lake|44.56144420|-71.70175590|625|GRANBY
Cowdrey Outlook|Summit|43.76117830|-72.67065640|615|BARNARD
Cox Brook|Stream|44.17228300|-72.65344350|204|NORTHFIELD
Cox Mountain|Summit|43.73812130|-73.02705410|442|PITTSFORD
Cox Reservoir|Reservoir|43.61590270|-72.56231750|290|WOODSTOCK
Coy Brook|Stream|43.47784780|-73.12705130|249|MIDDLETOWN SPRINGS
Coy Mountain|Summit|43.44895960|-73.15566270|615|WELLS
Cozy Corner|Populated Place|44.62365910|-73.11791030|105|MILTON
Craftsbury|Populated Place|44.63671790|-72.37260710|284|CRAFTSBURY
Craftsbury Common|Populated Place|44.65421760|-72.38205180|384|CRAFTSBURY
Cram Hill|Summit|44.04256320|-72.72455350|535|ROXBURY
Crampton Cemetery|Cemetery|43.46423720|-73.04677240|374|TINMOUTH
Cranberry Bog|Swamp|44.05783480|-73.27317610|313|WEYBRIDGE
Cranberry Creek|Stream|44.95754170|-73.14235190|29|HIGHGATE
Cranberry Meadow Pond|Lake|44.42088920|-72.45733010|334|WOODBURY
Cranberry Swamp|Swamp|43.74311820|-73.29594780|135|BENSON
Crandall Cemetery|Cemetery|44.88615870|-72.12760020|371|DERBY
Crane Point|Cape|44.04811110|-73.42345750|29|ADDISON
Crane School|School|44.02561310|-73.29067590|124|BRIDPORT
Cranska Point|Cape|44.87531880|-73.32263220|36|ISLE LA MOTTE
Crawford Hill|Summit|44.87977000|-72.09593270|463|CHARLESTON
Cream Hill|Populated Place|43.93144770|-73.33984180|99|SHOREHAM
Cream Pot Meadow|Flat|44.30867010|-72.35426850|405|MARSHFIELD
Creek School|School|44.57032830|-72.94124040|231|UNDERHILL
Creek School|School|44.80338100|-72.89819130|127|FAIRFIELD
Crescent Lake|Reservoir|43.80173530|-72.40815010|354|SHARON
Cripple Brush Creek|Stream|44.96170820|-73.15207400|29|HIGHGATE
Crook Brook|Stream|44.96171230|-72.43177690|264|JAY
Crossett Hill|Summit|44.30977880|-72.81734060|692|DUXBURY
Crossett Hill School|School|44.30922350|-72.78789560|338|DUXBURY
Crow Hill|Summit|44.40978030|-72.04870670|410|ST. JOHNSBURY
Crystal Beach|Populated Place|43.65951000|-73.19011090|130|CASTLETON
Crystal Brook|Stream|44.98643520|-72.11148850|277|DERBY
Crystal Lake|Lake|44.74671610|-72.17621280|296|BARTON
Crystal Pond|Lake|43.59368110|-72.47648170|412|HARTLAND
Crystal Pool|Lake|44.30866960|-72.49260680|309|EAST MONTPELIER
Culver Cemetery|Cemetery|43.58673380|-73.22649890|161|POULTNEY
Cummings Hill|Summit|43.49395980|-72.49620270|417|WEST WINDSOR
Cunningham Brook|Stream|44.27672460|-72.75900560|211|MORETOWN
Currier Hill|Summit|44.09145350|-72.20537170|414|TOPSHAM
Curtis Hill|Summit|43.93534440|-72.44176480|450|TUNBRIDGE
Curtis Hollow|Valley|43.58451390|-72.61565180|254|WOODSTOCK
Curtis Pond|Reservoir|44.37672360|-72.49455270|376|CALAIS
Cushing Hill|Summit|44.48588510|-72.89623490|340|UNDERHILL
Cushman Cemetery|Cemetery|44.43450240|-71.93092650|357|WATERFORD
Cushman Hill|Summit|44.71282570|-73.06624970|341|GEORGIA
Cutler Cemetery|Cemetery|44.27255910|-72.55566420|294|EAST MONTPELIER
Cutler Mill Brook|Stream|44.56533300|-71.59758610|258|GUILDHALL
Cutler Pond|Lake|44.98670870|-73.03707250|76|HIGHGATE
Cutter Pond|Lake|44.09061880|-72.54899330|280|WILLIAMSTOWN
Cutting Brook|Stream|44.40700330|-71.81620160|285|CONCORD
Cutting Cemetery|Cemetery|42.74952720|-72.82065150|476|WHITINGHAM
Cutting Hill|Summit|43.87117170|-73.25872750|152|SHOREHAM
Cutts Cemetery|Cemetery|43.60118170|-72.38092520|213|HARTLAND
Cyrus Brook|Stream|42.73786070|-72.85426340|479|WHITINGHAM
Daigneau Hill|Summit|43.81395030|-73.27872680|184|ORWELL
Dailey Hollow|Valley|43.61868000|-72.66176480|292|BRIDGEWATER
Dairy Hill School|School|43.82506770|-72.47981900|320|ROYALTON
Daley Brook|Stream|44.76560480|-71.61314410|302|BLOOMFIELD
Dalton Brook|Stream|43.73951150|-72.72204640|263|STOCKBRIDGE
Dam Number One|Dam|44.81088200|-71.66397900|330|BLOOMFIELD
Dam Number Two|Dam|44.83727060|-71.67453510|369|BLOOMFIELD
Dam Number Three|Dam|44.85588150|-71.68147980|392|BLOOMFIELD
Dam Number Four|Dam|44.88477000|-71.69564710|488|LEWIS
Dam Number Five|Dam|44.90921420|-71.69203600|519|AVERILL
Dam Number Six|Dam|44.92865830|-71.70814780|566|AVERILL
Dameas Island|Island|44.82254240|-73.25151940|30|NORTH HERO
Dana Hill|Summit|43.64729060|-72.70148860|750|BRIDGEWATER
Dana Hill|Summit|43.66395780|-72.56176270|457|POMFRET
Daniels Notch|Gap|44.59671790|-72.74706710|725|CAMBRIDGE
Daniels Pond|Lake|44.67671730|-72.26260380|497|GLOVER
Danville Center|Populated Place|44.42005730|-72.12037530|412|DANVILLE
Danville|Populated Place|44.41116850|-72.13926450|427|DANVILLE
Danville Hill|Summit|44.38366840|-72.28537890|659|CABOT
Danville Reservoir|Reservoir|44.41950140|-72.16815430|497|DANVILLE
Darby Brook|Stream|43.47479320|-72.59009400|395|READING
Darby Center Cemetery|Cemetery|44.96004660|-72.12426660|303|DERBY
Darby Hill|Summit|43.17646590|-72.48231110|341|ROCKINGHAM
Darius James Brook|Stream|44.20311780|-72.17065020|224|GROTON
Dark Branch|Stream|44.71310510|-72.53455740|334|EDEN
Darling Hill|Summit|44.97893520|-72.14954510|409|DERBY
Darling State Forest|Forest|44.56727700|-71.89564930|807|BURKE
Dartmouth Outing Club Trail|Trail|43.71229230|-72.34703640|326|NORWICH
Davidson Cemetery|Cemetery|42.79008210|-72.86593080|537|WHITINGHAM
Davidson Hill|Summit|43.32785160|-72.55648030|314|CHESTER
Davidson Hill|Summit|43.86979060|-72.29925980|501|STRAFFORD
Davis Brook|Stream|44.96504680|-71.82787270|395|NORTON
Davis Cemetery|Cemetery|42.98091390|-72.57453510|337|PUTNEY
Davis Hill|Summit|44.61977350|-72.54511320|514|HYDE PARK
Davis Hill Brook|Stream|43.72701170|-72.72149060|292|STOCKBRIDGE
Dawes Brook|Stream|44.16922970|-72.16287170|283|NEWBURY
Day Brook|Stream|44.87393650|-72.19204630|204|COVENTRY
Day Cemetery|Cemetery|44.87754760|-72.17815710|283|COVENTRY
Day School|School|43.80284630|-72.41981710|325|SHARON
Day School|School|44.87449200|-72.17982380|273|COVENTRY
De Long Hill|Summit|43.92117120|-73.22789460|177|CORNWALL
Dead Creek|Stream|44.97420820|-73.12818460|29|HIGHGATE
Dead Creek|Stream|44.85449080|-72.93569110|103|FAIRFIELD
Dead Creek|Stream|44.18505390|-73.31012420|32|FERRISBURG
Deal Cemetery|Cemetery|45.00559690|-73.07512780|36|HIGHGATE
Dean Island|Island|44.26477480|-73.27512490|30|CHARLOTTE
Debby Hill|Summit|44.30450350|-72.35565740|478|MARSHFIELD
Deer Hill|Summit|42.94396950|-72.71814950|450|NEWFANE
Deer Hill|Summit|44.68644060|-71.86426070|519|EAST HAVEN
Deer Hill|Summit|44.82949330|-71.98759670|409|CHARLESTON
Deer Mountain|Summit|43.91312060|-72.73177270|645|ROCHESTER
Deer Mountain|Summit|44.30672600|-72.26398750|602|PEACHAM
Deer Park|Locale|42.79147140|-72.71148210|463|HALIFAX
Delano Hill|Summit|43.89033810|-73.25539440|143|SHOREHAM
Delano School|School|44.51199770|-72.55955770|375|ELMORE
Delectable Mountain|Summit|43.73117860|-72.68260070|718|BARNARD
Delectable Mountain|Summit|43.76090050|-72.67121200|607|BARNARD
Dennis Pond|Lake|44.73032790|-71.65786740|312|BRUNSWICK
Dennis Pond Brook|Stream|44.72338360|-71.63231110|279|BRUNSWICK
Densmore Brook|Stream|43.54257050|-72.47120320|240|HARTLAND
Densmore Cemetery|Cemetery|43.56757010|-72.49731490|431|HARTLAND
Densmore Hill|Summit|43.55034820|-72.48231450|367|HARTLAND
Densmore Mountain|Summit|44.36533410|-72.65872570|805|MIDDLESEX
Depot Brook|Stream|44.25006080|-72.26120830|350|GROTON
Derby Bay|Bay|44.98087950|-72.19537950|208|DERBY
Derby Center|Populated Place|44.94782460|-72.13287800|308|DERBY
Derby Line|Populated Place|45.00504600|-72.09898820|322|DERBY
"Derby| Lake"|Lake|44.95421340|-72.11621090|300|DERBY
Derway Island|Island|44.53560320|-73.26790690|30|BURLINGTON
Devils Den|Basin|44.00700990|-72.44815530|343|CHELSEA
Devils Den|Basin|44.10589750|-72.22509460|373|TOPSHAM
Devils Gap|Gap|44.68282790|-72.51927870|411|EDEN
Devils Glen Brook|Stream|43.17479880|-73.23955270|284|SANDGATE
Devils Hill|Summit|44.30950380|-72.22843110|616|PEACHAM
Devils Hill|Summit|44.31783660|-72.34621290|546|MARSHFIELD
Devils Pond|Lake|44.93920750|-73.26124120|29|ALBURG
Dewey Mountain|Summit|44.49366340|-72.82123340|1010|UNDERHILL
Deweys Mills|Populated Place|43.64145900|-72.40509250|163|HARTFORD
Deweys Pond|Reservoir|43.64118120|-72.40703700|149|HARTFORD
Diamond Cemetery|Cemetery|44.83643590|-72.91346890|167|FAIRFIELD
Diamond Hill|Summit|44.51200010|-72.05037480|506|LYNDON
Diamond Hill|Summit|44.66532400|-73.18568770|166|MILTON
Diamond Island|Island|44.23671920|-73.33290360|29|FERRISBURG
Dickerman Brook|Stream|43.93089980|-72.46593200|195|TUNBRIDGE
Dillenbeck Bay|Bay|44.91698540|-73.27124160|29|ALBURG
Dimick Brook|Stream|43.70201400|-72.40898200|114|HARTFORD
Dimick Brook|Stream|43.62729080|-72.71259980|431|BRIDGEWATER
Dish Mill Brook|Stream|44.58894310|-71.94509490|247|BURKE
Dobson Pond|Lake|44.44033320|-72.44927460|379|WOODBURY
Dodge Cemetery|Cemetery|44.73477120|-72.56705940|366|EDEN
Dole Hill|Summit|44.42422400|-72.10981960|409|DANVILLE
Dolif Mountain|Summit|44.82171560|-71.92037340|575|BRIGHTON
Dolloff Ponds|Lake|44.69421800|-72.03148630|443|SUTTON
Domeys Dome|Summit|44.89143540|-72.49955670|876|WESTFIELD
Donaldson Point|Cape|44.99142960|-73.18207330|33|SWANTON
Dothan|Populated Place|43.69729240|-72.34314740|298|HARTFORD
Doty Memorial School|School|44.37339000|-72.54705470|232|WORCESTER
Doughty Hill|Summit|43.75367320|-73.33150440|234|BENSON
Doughty Pond|Lake|43.75867340|-73.28289230|191|BENSON
Dow Hill|Summit|44.36227520|-73.06429030|372|HINESBURG
Downer Hill|Summit|43.36229570|-72.44286760|379|WEATHERSFIELD
Downers|Populated Place|43.40035040|-72.51425770|191|WEATHERSFIELD
Dreer Spring|Spring|43.61951400|-72.51287170|219|WOODSTOCK
Drew Mountain|Summit|44.34672480|-72.31871260|582|MARSHFIELD
Drinkwater Hill|Summit|44.08089580|-72.70288720|631|ROXBURY
Drowned Lands|Swamp|43.59895510|-73.42011370|30|WEST HAVEN
Drowns Cemetery|Cemetery|44.58810900|-72.10843240|400|WHEELOCK
Dry Brook|Stream|43.33424050|-73.24788600|172|PAWLET
Dry Hill|Summit|43.48368160|-72.71454200|573|PLYMOUTH
Dry Pond|Lake|44.14867270|-72.60232990|364|NORTHFIELD
Dry Ridge|Ridge|44.61782870|-72.71651050|448|JOHNSON
Duck Brook|Stream|44.38199830|-72.92762200|96|BOLTON
Duck Pond|Lake|44.67310690|-72.13565580|525|SHEFFIELD
Duck Pond|Lake|44.70866190|-72.06759860|535|SUTTON
Duck Pond|Lake|44.37782850|-73.25984870|53|SHELBURNE
Duck Pond|Lake|44.39339220|-71.93592610|288|WATERFORD
Duck Pond|Lake|44.59977610|-71.94509500|311|BURKE
Duck Pond|Lake|44.67338380|-72.36510690|353|CRAFTSBURY
Duck Pond Brook|Stream|44.40950300|-71.93453740|267|WATERFORD
Dudley Brook|Stream|44.47005740|-71.86314770|294|CONCORD
Duffy Hill|Summit|44.59199470|-72.94763080|401|WESTFORD
Dugar Brook|Stream|44.37755690|-72.45982930|268|CALAIS
Dummerston Center|Populated Place|42.93674770|-72.57231280|233|DUMMERSTON
Dummerston Hill|Summit|42.90230340|-72.66787040|498|DUMMERSTON
Dumpling Hill|Summit|44.36422340|-72.59066740|591|MIDDLESEX
Dunham Hill|Summit|43.59729210|-72.49537090|491|WOODSTOCK
Dunklee Pond|Lake|43.62256790|-72.97316220|180|RUTLAND CITY
Dunn Brook|Stream|44.92532440|-72.29649390|282|NEWPORT TOWN
Dunn Mountain|Summit|44.60171950|-72.15676720|584|WHEELOCK
Duplissey Hill|Summit|44.06728680|-72.36843170|658|WASHINGTON
Duplissey Swamp|Swamp|44.06423130|-72.37343180|572|WASHINGTON
Durant Cemetery|Cemetery|44.38339050|-72.33399170|275|CABOT
Duren Mountain|Summit|44.53894490|-71.59619690|443|GUILDHALL
Durkee School|School|44.31672290|-72.84261900|382|DUXBURY
Dutch Hill|Summit|43.38146120|-73.06760550|741|DANBY
Dutton Brook|Stream|44.61422030|-71.60008680|317|MAIDSTONE
Dutton Brook|Stream|44.82282620|-72.14787850|302|BROWNINGTON
Dutton Pines State Forest Park|Park|42.92230350|-72.53675630|127|DUMMERSTON
Dutton Pond|Lake|44.64033060|-71.60703160|379|MAIDSTONE
Duttonville Gulf|Valley|43.34535120|-72.61064880|236|CHESTER
Duxbury|Populated Place|44.32700120|-72.75261760|129|DUXBURY
Dwinell School|School|44.34005800|-72.40510440|382|MARSHFIELD
Dyer Hill|Summit|43.92589450|-73.14261550|172|SALISBURY
Dyer School|School|43.58895740|-72.96788370|176|RUTLAND
Eagle Hollow Notch|Gap|43.97756670|-72.30148390|384|VERSHIRE
Eagle Ledge|Bench|43.97812240|-72.29370600|544|VERSHIRE
Eagle Ledge|Bench|44.45005500|-72.49205400|512|ELMORE
Eagle Mountain|Summit|44.66976790|-73.20818710|169|MILTON
Eagle Mountain Camp|Locale|44.67726780|-73.20929830|45|MILTON
Eagle Point|Cape|45.00087920|-72.20482430|207|DERBY
Eagle Pond|Lake|44.93531860|-73.26151890|29|ALBURG
Eagle Rock|Summit|43.73339730|-73.17233420|408|HUBBARDTON
Eagle Rock Camp|Locale|43.72728620|-73.18400090|232|HUBBARDTON
Eagleshead|Summit|43.40451680|-72.54453640|495|CAVENDISH
Earlys Point|Cape|44.85920760|-73.35985540|29|ISLE LA MOTTE
East Albany|Populated Place|44.73116040|-72.31621670|357|ALBANY
East Alburg|Populated Place|44.97309620|-73.22957380|34|ALBURG
East Barnard|Populated Place|43.74590150|-72.54287460|309|BARNARD
East Barnet Inwood Station|Populated Place|44.32672680|-72.03759410|162|BARNET
East Barre|Populated Place|44.15811780|-72.45038020|346|BARRE TOWN
East Barre Dam|Dam|44.15506230|-72.44454670|351|BARRE TOWN
East Bay|Bay|43.60089950|-73.37705740|30|WEST HAVEN
East Berkshire|Populated Place|44.93532410|-72.70929890|128|BERKSHIRE
East Bethel|Populated Place|43.87339970|-72.58426750|176|BETHEL
East Braintree|Populated Place|43.99589790|-72.65149440|226|BRAINTREE
East Branch Dead Creek|Stream|44.08061130|-73.34790070|27|ADDISON
East Branch Missisquoi River|Stream|44.80699230|-72.45899910|248|LOWELL
East Branch Missisquoi River|Stream|45.00809640|-73.13457280|29|HIGHGATE
East Branch Moose River|Stream|44.63449750|-71.81148140|542|EAST HAVEN
East Branch Nulhegan River|Stream|44.77254920|-71.65342310|282|BLOOMFIELD
East Branch Passumpsic River|Stream|44.54977730|-71.99065110|221|LYNDON
East Brighton|Populated Place|44.78588270|-71.80703810|352|BRIGHTON
East Brook|Stream|44.20395100|-72.18842830|229|GROTON
East Brookfield|Populated Place|44.02756440|-72.57149270|213|BROOKFIELD
East Brownington School|School|44.80116010|-72.08621030|415|BROWNINGTON
East Burke|Populated Place|44.58922090|-71.94037250|265|BURKE
East Calais|Populated Place|44.36644620|-72.42982800|259|CALAIS
East Cambridge Cemetery|Cemetery|44.65643910|-72.76790280|154|CAMBRIDGE
East Cemetery|Cemetery|44.80421560|-72.09426600|397|BROWNINGTON
East Charleston|Populated Place|44.83810430|-71.98954110|359|CHARLESTON
East Charlotte|Populated Place|44.31977470|-73.18873550|116|CHARLOTTE
East Concord|Populated Place|44.42478090|-71.75370050|267|CONCORD
East Corinth|Populated Place|44.06395410|-72.22231630|213|CORINTH
East Craftsbury|Populated Place|44.64255120|-72.34316170|397|CRAFTSBURY
East Creek|Stream|43.83200470|-73.37650710|29|ORWELL
East Dummerston|Populated Place|42.93230330|-72.55314560|128|DUMMERSTON
East Enosburg|Populated Place|44.86310290|-72.73624220|240|ENOSBURG
East Fairfield|Populated Place|44.78449260|-72.85846730|126|FAIRFIELD
East Fletcher|Populated Place|44.71310490|-72.83790870|127|FLETCHER
East Franklin|Populated Place|44.99615560|-72.83207970|131|FRANKLIN
East Hardwick|Populated Place|44.52172050|-72.30871590|333|HARDWICK
East Haven|Populated Place|44.66421900|-71.88842760|305|EAST HAVEN
East Haven Mountain|Summit|44.62144240|-71.83287060|921|EAST HAVEN
East Haven Range|Range|44.65116370|-71.84287110|682|EAST HAVEN
East Highgate|Populated Place|44.92726640|-72.98790980|66|HIGHGATE
East Highgate Cemetery|Cemetery|44.93504400|-72.97902060|108|HIGHGATE
East Hill|Summit|43.29507420|-72.69342840|567|ANDOVER
East Hill|Summit|43.88701140|-72.47148670|465|TUNBRIDGE
East Hill|Summit|44.20617220|-72.45649240|451|BARRE TOWN
East Hill|Summit|44.30422470|-72.62316750|567|MIDDLESEX
East Hill Cemetery|Cemetery|43.30146300|-72.69481740|571|ANDOVER
East Hill Cemetery|Cemetery|44.10589630|-72.52260390|387|WILLIAMSTOWN
East Hill School|School|43.29840740|-72.69481740|562|ANDOVER
East Hill School|School|44.34450340|-72.14370780|407|PEACHAM
East Hubbardton|Populated Place|43.69312090|-73.13816620|293|HUBBARDTON
East Hubbardton Cemetery|Cemetery|43.69867620|-73.14261090|269|HUBBARDTON
East Johnson|Populated Place|44.64005070|-72.66150810|177|JOHNSON
East Long Pond|Reservoir|44.44533330|-72.35649390|367|WOODBURY
East Lyndon|Populated Place|44.51977820|-71.95787240|286|LYNDON
East Montpelier|Populated Place|44.27117060|-72.48705030|228|EAST MONTPELIER
East Montpelier Center|Populated Place|44.28367010|-72.52538530|352|EAST MONTPELIER
East Mountain|Summit|42.76758270|-72.59370180|412|GUILFORD
East Mountain|Summit|43.53229200|-72.70843140|687|PLYMOUTH
East Mountain|Summit|43.61645710|-72.91538280|725|MENDON
East Mountain|Summit|44.66505230|-71.77036980|1045|EAST HAVEN
East Orange|Populated Place|44.09478630|-72.34148680|373|ORANGE
East Orange Branch|Stream|44.09978630|-72.30648570|300|TOPSHAM
East Panton Cemetery|Cemetery|44.14366620|-73.27762250|79|PANTON
East Panton School|School|44.13477750|-73.28262250|85|PANTON
East Peacham|Populated Place|44.33811470|-72.15731910|298|PEACHAM
East Poultney|Populated Place|43.52645760|-73.20455300|156|POULTNEY
East Putney|Populated Place|42.99396960|-72.48342200|111|PUTNEY
East Putney Station|Locale|42.98146970|-72.47036620|95|PUTNEY
East Randolph|Populated Place|43.94006580|-72.55510150|186|RANDOLPH
East Randolph Cemetery|Cemetery|43.92812160|-72.55482340|172|RANDOLPH
East Richford|Populated Place|45.01115590|-72.58595570|156|RICHFORD
East Road Cemetery|Cemetery|44.21172720|-72.55927410|344|BERLIN
East Roxbury|Populated Place|44.07978500|-72.65177430|355|ROXBURY
East Ryegate|Populated Place|44.20506250|-72.06120360|152|RYEGATE
East Saint Johnsbury|Populated Place|44.43866900|-71.94564910|239|ST. JOHNSBURY
East Sheldon|Populated Place|44.89893480|-72.87402280|174|SHELDON
East Shoreham|Populated Place|43.86033860|-73.25289370|82|SHOREHAM
East Shoreham Cemetery|Cemetery|43.86867170|-73.25789400|127|SHOREHAM
East Slang Creek|Stream|44.22644240|-73.26456830|21|FERRISBURG
East Sutton Ridge|Locale|44.67588520|-71.98592960|461|SUTTON
East Thetford|Populated Place|43.81173650|-72.18870060|126|THETFORD
East Topsham|Populated Place|44.12117500|-72.23287270|281|TOPSHAM